Verzekerde_ID,Declaratie_ID,Zorgtype,Bedrag,Declaratie_Datum,Declaratie_Status
44702,fc3dcf20-c35d-48cc-891a-7d1302957fb5,Tandarts,22.38,2024-10-08,Afgewezen
21296,92383b31-3f1e-4135-920d-fed00316cbc5,Huisarts,436.53,2024-10-01,Goedgekeurd
65474,54fb33ec-fa6a-46b7-a264-379f11638d62,Ziekenhuisopname,448.71,2024-03-28,In behandeling
40422,61b45033-4c38-42d5-8297-f1bac5d33995,Tandarts,132.39,2024-06-11,Afgewezen
80462,fee289c3-231e-46b2-bbce-3cd465521a78,Fysiotherapie,237.87,2024-11-28,Afgewezen
99316,eabeefdf-0580-4568-9dbf-458a6d66d489,Ziekenhuisopname,81.03,2024-07-19,In behandeling
37209,c9eb3f3b-6531-4366-b70c-17fb49baa2ea,Tandarts,328.15,2024-12-04,Goedgekeurd
19703,dce276ea-5c8a-4b5f-acef-a74bc76341ac,Tandarts,243.72,2024-07-29,Afgewezen
24663,04a2cd45-7b09-4073-8df6-649d6142aed5,Medicatie,134.88,2024-09-29,In behandeling
54432,ec5a82ae-ca20-4d96-9aec-e04af3a6208e,Huisarts,444.19,2024-05-29,Afgewezen
84441,bbddcefd-5a0f-41c1-8886-8f57db0aecd3,Tandarts,327.66,2024-11-03,In behandeling
20952,d16a0896-add3-4469-bd89-928232c4de44,Psychologische zorg,178.3,2024-05-11,Afgewezen
16633,e79c1ae4-615a-4ddf-b2e0-51917b9ba55f,Ziekenhuisopname,240.03,2024-12-18,Goedgekeurd
74147,efd0a72b-3918-40ad-83a2-2eb0d9001fda,Fysiotherapie,25.0,2024-10-12,Afgewezen
29796,7038e006-6193-4f60-a9cf-9929d33e7b4e,Psychologische zorg,231.48,2024-05-22,Goedgekeurd
42132,fbce25a9-7148-45f3-8739-3544025b8fc5,Medicatie,479.52,2025-03-02,Afgewezen
73582,3995e05f-ebb7-4464-be1a-5bae7c50101e,Huisarts,344.08,2024-08-05,In behandeling
29206,08b8b382-0b01-4049-b07d-96d07074e6c5,Tandarts,52.05,2024-12-17,Afgewezen
65633,bc221841-cc75-409d-9e0b-20525deb3192,Tandarts,336.47,2024-05-03,Goedgekeurd
17042,b405571e-9fe2-47e6-8777-1d7bf09895ba,Psychologische zorg,267.9,2024-07-15,Goedgekeurd
99839,592197e9-6a50-4781-83e5-d892cf31c599,Tandarts,107.62,2025-01-24,Goedgekeurd
30024,f3d13d10-2425-47a9-bc23-2cb26ef7bc8a,Fysiotherapie,129.35,2024-03-28,In behandeling
71301,40768325-ea7b-47c0-ad00-ce1d4ae45223,Fysiotherapie,356.24,2025-02-14,Afgewezen
89920,12902c22-fd6b-47da-bb8c-f2c09a673674,Tandarts,341.56,2024-12-19,Afgewezen
76947,5d55775a-3c8c-4ae1-98fb-9c5653d451f1,Ziekenhuisopname,450.21,2024-06-07,Afgewezen
17641,a34d49fc-ccff-4152-90f5-ef2045ba6a54,Ziekenhuisopname,130.97,2024-06-03,Goedgekeurd
41666,30e610e6-c1e0-4963-b99f-3ebc818846ad,Psychologische zorg,330.91,2025-01-16,In behandeling
97564,a743b756-cc49-4405-8ee6-dea076c73e74,Huisarts,464.72,2024-04-27,Afgewezen
18782,8b984897-6fa4-4875-a3bd-c52834b00521,Ziekenhuisopname,221.27,2024-12-16,Afgewezen
47621,0f61bf40-5b88-4e8b-a082-1884fcc0c530,Medicatie,429.85,2024-08-29,In behandeling
85511,58513e93-a018-4270-8b27-d7ad1ce1f864,Ziekenhuisopname,434.95,2024-08-03,Afgewezen
59265,513ddc26-3ffc-4017-bf00-15db7ca00830,Psychologische zorg,446.52,2025-03-01,Goedgekeurd
52265,03883ac1-a32c-4c21-b97a-a57810bec0ea,Fysiotherapie,491.77,2024-11-19,Goedgekeurd
63391,0aa80817-37c8-4c51-90e8-1b29c7b1bfe9,Tandarts,421.55,2024-10-23,Afgewezen
91291,03bd81db-f228-4d82-a54b-e005f3f49ab8,Tandarts,88.42,2025-01-20,In behandeling
56411,f92f97f8-4004-4d98-a2f2-d97f87966fe4,Tandarts,120.87,2024-09-22,In behandeling
47516,2b75ab7b-b28e-4f3c-bf0d-9c8bbbafd4d3,Psychologische zorg,467.87,2024-04-29,Afgewezen
63578,325d6c19-fbd3-4736-9401-bed9cda87147,Fysiotherapie,464.19,2024-07-19,Goedgekeurd
44602,9be53849-0ad3-4a36-81fa-f365dbe3d088,Psychologische zorg,430.33,2024-10-31,In behandeling
67375,e4a02342-3652-49cd-aeec-e9210f596798,Medicatie,108.28,2024-09-05,Goedgekeurd
61902,31fdb3a4-cf43-4e84-8907-5444483ae61e,Medicatie,61.92,2024-03-11,Goedgekeurd
24956,be2665a3-1c7e-4579-957a-92f72fc21f1d,Fysiotherapie,180.25,2024-03-25,In behandeling
31955,a37c5774-4f45-4ec7-8678-c853e469cb07,Fysiotherapie,447.03,2024-11-14,Afgewezen
85732,4d78eb8f-b05d-48ab-b703-0cd8a5626dc4,Medicatie,478.5,2024-03-30,Goedgekeurd
88906,2cec944a-38bb-4baf-b713-74fb69a13e78,Tandarts,301.99,2024-07-25,Afgewezen
95911,55a56436-00d1-4508-840a-7c96c69598a8,Medicatie,37.21,2024-05-29,Goedgekeurd
34398,c726772e-e671-463f-887e-2804c9171b7f,Medicatie,149.83,2024-05-12,Goedgekeurd
32196,2fed3e00-fcd2-4bc2-92d7-c4456f9990fd,Psychologische zorg,170.29,2024-12-07,Goedgekeurd
66278,f1d2be6e-40ea-4168-9a8b-413b36157d2e,Tandarts,54.92,2025-01-18,In behandeling
43435,60af12b7-01cf-4eee-b50f-635729f7725f,Psychologische zorg,460.47,2024-11-19,In behandeling
32229,7a4847a3-9765-450c-b0d3-4d623ba8c6f1,Medicatie,190.88,2024-10-02,Goedgekeurd
47839,2cacca49-2434-433e-aca7-05d2d1a4ae72,Fysiotherapie,144.14,2025-02-23,Goedgekeurd
39127,94b35148-4c0c-47f8-b1bf-57f721cd3c9c,Psychologische zorg,479.71,2024-10-28,In behandeling
64716,e563d645-1b49-4870-95fa-3a7aa86c0018,Psychologische zorg,466.45,2024-08-13,Afgewezen
98408,32cdc049-c888-441d-b7fb-c9b966d8c108,Tandarts,142.22,2024-10-28,Afgewezen
67593,e0df7c32-9217-4028-9cdb-ff6c9d7f78cb,Huisarts,436.52,2024-07-09,Afgewezen
92808,cf80a0df-72b6-4947-a102-a3e966a11095,Huisarts,63.03,2024-09-09,Goedgekeurd
52395,73dc83ec-f7ef-4a61-84f8-12b807231619,Psychologische zorg,323.69,2024-08-12,Afgewezen
67349,2e43acda-417d-44dc-aaf5-15c7cd137c91,Tandarts,73.98,2024-03-07,Afgewezen
55045,c1186271-d024-40cf-a658-d119c1b1a319,Huisarts,199.33,2025-01-28,In behandeling
56613,6be2846b-58ec-481d-8d32-0a3f94abe459,Psychologische zorg,230.98,2024-07-09,Goedgekeurd
25724,9b00b4c8-40e3-4a28-b1ec-dd6e17f5bc3c,Huisarts,98.63,2024-07-01,In behandeling
14895,76bbf574-7010-4da7-8fa6-0f4cff80d5d8,Tandarts,385.58,2024-05-01,In behandeling
62801,1039238e-37f8-4673-a81c-923426a6e1b7,Tandarts,110.76,2024-03-05,Goedgekeurd
52176,cb5248c2-25fb-418c-b814-69c43284e769,Huisarts,452.84,2024-05-04,Goedgekeurd
29369,8f34ac0d-08c8-4615-a4d7-f5a1682e26e3,Tandarts,150.73,2025-01-30,In behandeling
52929,c7417678-591e-4ef6-965d-5686f33f0b64,Ziekenhuisopname,478.1,2024-09-01,Goedgekeurd
60603,d30f9663-f5c1-4d00-9f65-bf4c0a90eced,Tandarts,220.03,2025-01-10,Goedgekeurd
40772,673666b4-6c27-43f5-9f81-efc0066f18df,Fysiotherapie,162.0,2024-08-21,Goedgekeurd
39810,7360e5a3-640a-4ee0-861d-136bd552096c,Psychologische zorg,19.76,2025-01-27,In behandeling
67383,c75337fa-ed1b-4089-876d-1d388960fc98,Psychologische zorg,351.66,2024-08-20,Afgewezen
53468,54d01d78-014c-4e74-ab36-9db55ac956b5,Medicatie,54.64,2024-11-10,Goedgekeurd
12091,5b8e55ef-e525-46d8-aa2a-847875294d56,Huisarts,337.01,2024-07-14,In behandeling
35333,4ff697ed-7205-4894-a80f-764995f0ed6e,Ziekenhuisopname,194.97,2024-10-08,Afgewezen
53685,91eba6b7-bc17-476c-a9c2-c1930099c787,Fysiotherapie,293.1,2024-11-24,Goedgekeurd
63665,de8916b5-25e2-4970-9519-1efc58f79b89,Tandarts,34.98,2024-09-30,Afgewezen
94730,8e103530-88a7-41a1-b5e9-5aab56b854ad,Tandarts,347.33,2024-06-17,Afgewezen
90391,31068dd5-5b32-44ca-b9d7-8e3cd3f44401,Psychologische zorg,295.77,2025-02-04,In behandeling
21098,2105d905-de81-4775-99d4-432f07b5d663,Medicatie,68.62,2025-02-22,Goedgekeurd
47024,dd3a82d6-0bca-4a3b-a6fd-be508eac6db9,Fysiotherapie,190.24,2024-06-30,Afgewezen
75748,6ed624cc-47c0-4a31-9ac4-7438f8783e8b,Tandarts,54.62,2024-10-28,Afgewezen
60140,f1203307-7f69-4e12-8434-f38554d73bdb,Fysiotherapie,400.88,2024-03-18,In behandeling
77761,b21e8ef1-37cb-4dca-881a-23dca20e3c57,Fysiotherapie,447.23,2024-10-24,Goedgekeurd
28218,81f72a4e-2b9f-4362-bf76-725065644e24,Fysiotherapie,159.8,2024-10-07,Afgewezen
93418,d3c06896-1bef-43b8-b62f-a658dfe8fe44,Medicatie,48.19,2024-08-20,In behandeling
37491,9dcdb40e-2b19-4d89-add0-cc2ef9594128,Psychologische zorg,177.88,2024-08-05,Goedgekeurd
51724,4c042136-a655-4890-88ec-3ddcf4053ca7,Ziekenhuisopname,212.96,2024-03-14,In behandeling
55023,665f335a-1035-400b-8307-222216bda44b,Fysiotherapie,91.08,2024-04-25,Afgewezen
70134,61860859-38e6-4695-9c21-5099e98ec815,Psychologische zorg,158.32,2024-03-20,Goedgekeurd
99134,334c9244-1ef2-4252-b6fd-123214855965,Medicatie,177.22,2024-11-10,In behandeling
68032,6b4c69d8-e645-4d1c-840e-c3b266fbdf57,Fysiotherapie,10.36,2024-05-15,Afgewezen
63492,654caca4-d829-45e3-a2f7-e9280409df47,Fysiotherapie,306.08,2025-01-01,Afgewezen
74562,a4693c39-6973-4aee-86bc-9e16a6fdeff7,Psychologische zorg,454.25,2024-06-25,Goedgekeurd
93246,ef7d5309-4038-4a5b-a419-410e06392d4b,Fysiotherapie,35.44,2024-03-08,Goedgekeurd
49187,d90aad6e-0c54-4487-8a4b-f77f4975ea12,Fysiotherapie,497.55,2024-11-02,Afgewezen
89758,f5683c60-4416-465c-bdb5-0ea514192b91,Huisarts,150.33,2024-07-17,Goedgekeurd
18675,89b90f8d-886b-40db-9a91-60ee9697f91f,Ziekenhuisopname,266.63,2024-08-24,Afgewezen
31825,a9dfa6b5-ab21-45da-8d15-ade64523d22e,Huisarts,120.24,2024-10-12,In behandeling
34136,ccc41b67-6792-4eee-a742-340c897e3d50,Ziekenhuisopname,443.52,2025-01-29,In behandeling
78466,08cc230d-1267-4f4a-83d7-a98dd130ca6f,Psychologische zorg,458.0,2024-06-29,Goedgekeurd
73374,80d1bd4f-30dc-4d8f-b3a5-4c51236a5fad,Fysiotherapie,97.4,2024-08-10,Afgewezen
90907,82e142da-51ce-4ab6-8b49-be67202f5b4d,Ziekenhuisopname,99.34,2024-05-29,Goedgekeurd
95228,bfcc0ffc-fc1a-49ab-84da-bae606d897b9,Medicatie,145.09,2024-08-04,In behandeling
16121,534c083d-4fda-4b52-84e8-91a7a45a22dd,Huisarts,333.63,2024-12-24,Afgewezen
60977,06eaa993-41b4-4562-b728-e8773d464afa,Huisarts,214.62,2024-05-16,Goedgekeurd
66474,f300e53d-0219-4f4d-ac9a-53f197de13fc,Medicatie,29.11,2024-05-20,Afgewezen
54029,6cdd4aa8-3529-4b01-be1c-eb4604c0953c,Tandarts,163.8,2024-12-17,In behandeling
60969,c0b3529b-c9a2-4dd2-925e-f221ec30257b,Medicatie,181.76,2024-03-10,In behandeling
77807,20951aeb-f37b-4c70-82e1-4d9b6bc69b59,Medicatie,142.63,2024-05-09,Afgewezen
65637,1d9ae9ed-8b7c-48dd-aaf9-ca09ca7a0787,Fysiotherapie,237.62,2024-10-13,In behandeling
53478,a61f4913-da5e-4fbf-b5d5-cb9a4f888155,Tandarts,31.99,2024-09-04,Goedgekeurd
56616,79cec441-fef5-4c2f-8bee-13b21f6dcdc8,Medicatie,105.49,2024-11-05,Goedgekeurd
52024,594c3b39-b2d2-4372-9dd3-8f7d60145051,Fysiotherapie,194.96,2024-08-07,In behandeling
23748,ad2413ea-8b1d-42e4-9886-f1f6bada8568,Psychologische zorg,309.82,2024-09-29,In behandeling
23456,2663c1b2-2caa-424a-9f7a-4fde8c3faac5,Fysiotherapie,479.83,2024-12-25,Goedgekeurd
39215,a5e5cd30-92f0-4ca7-b33f-f93de4b9ab5d,Fysiotherapie,167.82,2024-07-21,In behandeling
21970,9d0b77e9-2cd4-4c4b-ad62-9511bf019637,Ziekenhuisopname,249.89,2025-01-13,Goedgekeurd
72711,51aa6d68-aa59-40f8-a55a-88b7a625be3c,Tandarts,241.89,2024-06-28,Goedgekeurd
77789,b9eded4a-df1f-4318-80b9-e1836d6abea8,Huisarts,255.53,2025-02-04,Afgewezen
41846,adcaeeed-9d07-4830-8504-74ac8ff57e63,Fysiotherapie,335.48,2024-06-18,Goedgekeurd
89472,cb1e8dbc-7c2d-443f-9b0a-9c780c598bc4,Psychologische zorg,337.02,2024-06-15,Afgewezen
76577,0c6352c6-1d0c-4d3b-8375-6bf83e4efa21,Huisarts,217.6,2024-08-30,Goedgekeurd
71022,25081d4e-877a-4566-b043-7de3dd2fac01,Tandarts,199.55,2024-05-01,Goedgekeurd
47736,d35c9939-5b26-415a-a70c-c7f09be1c2db,Huisarts,309.27,2025-02-28,Afgewezen
69754,b15ef090-6983-44b7-8c2c-855b03663dfc,Ziekenhuisopname,342.56,2024-04-11,In behandeling
24005,178cdc4a-5a38-4789-a917-fbf3139b81a6,Tandarts,92.23,2025-01-22,Goedgekeurd
68896,f0871711-68ac-4dd5-881a-abe21fef7730,Fysiotherapie,51.71,2024-04-21,Goedgekeurd
84870,0b7bad3c-4bbb-4c08-83dc-83d4cb98f416,Medicatie,470.98,2024-07-20,In behandeling
11900,7fc66f3c-6f8e-4e36-8ea5-fc12830e1817,Ziekenhuisopname,387.61,2024-06-18,Afgewezen
36138,bf90b3fd-28d7-49f2-a24c-fcbb1a0ffd87,Tandarts,170.61,2025-01-30,In behandeling
47859,6e1a16ee-0462-460a-a13a-b6dca76d39b4,Tandarts,147.43,2024-06-10,Goedgekeurd
17404,88aac7c3-d82e-48ec-af20-72cec5290e94,Fysiotherapie,14.31,2024-06-02,Goedgekeurd
69666,27e9acf0-01c3-453a-ae30-61d3dec79363,Tandarts,385.17,2024-03-07,Afgewezen
57680,146e735d-5e01-4d35-8651-47aea8a8d8ed,Fysiotherapie,266.0,2024-08-12,Afgewezen
41469,785893d1-f6c1-44fa-9ee2-ed2c59f23aa4,Tandarts,333.26,2024-12-05,Afgewezen
21151,24dfec7a-d547-403a-a406-5205aedfeb1b,Fysiotherapie,303.12,2024-08-15,Afgewezen
19670,4b1483ac-60e9-4359-b250-5c6f9bf34595,Huisarts,419.86,2024-07-12,Goedgekeurd
84574,63309dcc-c3c1-4473-bd0e-6ea01a6d0d2d,Psychologische zorg,111.65,2024-09-11,Goedgekeurd
34837,fbd8f0b7-ba0a-4333-b106-62ed49418540,Huisarts,293.19,2024-10-18,Goedgekeurd
99435,e748da31-4bc5-4238-ae8f-9e7c8f75352d,Tandarts,75.19,2025-02-27,Goedgekeurd
50090,c4d2e59d-b05d-4a32-9671-e7ae7af84757,Psychologische zorg,109.86,2024-09-13,In behandeling
39497,9781043c-797e-4dbd-9bdd-b5edeb9bdb62,Huisarts,125.22,2024-08-17,In behandeling
75238,1a8ab07c-6f0f-4f9b-9b5b-d3140cbc0aa3,Fysiotherapie,131.88,2024-10-13,Goedgekeurd
30796,b1b9655c-0020-4e2b-9373-d93b45e801b2,Ziekenhuisopname,165.35,2024-06-02,Afgewezen
29342,58cc9b2f-0f11-433d-8312-f7d31025c635,Tandarts,148.61,2024-12-23,Afgewezen
69266,bcebc383-1dcd-49ff-a1a3-92bddd51118b,Medicatie,404.54,2024-07-01,Afgewezen
73458,91db0fd5-859a-49f6-884f-bef432a83aca,Huisarts,76.0,2024-12-22,Afgewezen
90979,83131bff-9656-4b7c-8365-d1b27a825363,Fysiotherapie,494.09,2024-12-15,Afgewezen
44676,66cfa4fc-05ac-4437-aa21-9b1b3437613d,Fysiotherapie,204.01,2025-02-21,Goedgekeurd
99629,0b8108bc-215c-4f31-8da4-39449835cc37,Huisarts,429.66,2024-05-03,Goedgekeurd
26596,3f6383e4-8531-4452-8237-481fd8524f40,Medicatie,297.69,2024-05-19,In behandeling
21950,036a91a0-b6aa-403d-8d8c-b9fb8dba4e41,Medicatie,496.71,2024-08-09,Afgewezen
12646,43b327a4-2236-478e-a7d7-80f45e191d68,Fysiotherapie,41.71,2024-04-06,Goedgekeurd
17419,d0319f75-052e-4130-a203-46613fbc48bc,Huisarts,224.59,2024-10-20,Afgewezen
90983,bad7daa8-e2d1-4bba-85ab-bd66e3f7a16c,Psychologische zorg,124.82,2024-11-07,In behandeling
40534,ae494d6b-1766-4389-ab07-430331ce7117,Huisarts,20.47,2024-10-17,Afgewezen
52395,5efd2f6b-102d-4176-8ca8-cec0b1ca789f,Huisarts,100.29,2024-07-09,Goedgekeurd
53525,80884b18-0cbc-4dae-811c-07f3f771ade7,Fysiotherapie,13.02,2024-07-15,Afgewezen
24048,50701b33-edc1-4689-810f-736647822114,Fysiotherapie,96.19,2024-06-19,Afgewezen
32057,978c1ae5-ef10-4e6a-8d31-69bc10cbba7d,Huisarts,484.02,2024-11-26,Afgewezen
59860,a22a9f07-c711-46e5-ac13-a9a40f47d53f,Tandarts,436.22,2024-12-29,In behandeling
15289,3c2cc321-50b4-4098-bfcd-82f0b07782dc,Huisarts,485.57,2024-07-29,Goedgekeurd
66961,c1f3b387-ddc8-48e5-aa61-48b1daf2b728,Psychologische zorg,378.93,2024-05-31,In behandeling
91483,e9014c85-cb6b-4b57-bc0a-e814efdbaf7f,Huisarts,320.94,2024-11-19,Goedgekeurd
78220,b67d48a3-f2a5-488c-a5b0-9ce4481434ee,Medicatie,482.16,2024-12-30,Afgewezen
43876,17941ce4-622d-47f7-ba57-bd2519d4e830,Psychologische zorg,362.73,2024-11-19,Afgewezen
58169,7f7bbb9a-b141-47ef-aa34-0c31823fa8b9,Tandarts,265.12,2025-02-02,In behandeling
10003,0ea254ba-db07-4dbd-95fd-0c659d3b8916,Psychologische zorg,417.98,2024-06-11,In behandeling
40367,aaec1598-966c-4084-ae47-380d2f9c8b2c,Psychologische zorg,44.82,2025-02-22,Afgewezen
49219,9d224ba8-7fe0-4f75-98d1-9f1df1c721ef,Psychologische zorg,431.0,2025-01-26,Afgewezen
17764,44762cb5-d70b-4f16-8386-2647de3dc85c,Ziekenhuisopname,323.53,2024-04-07,In behandeling
17746,18c39035-ce29-477b-8821-b462d1cf733f,Medicatie,417.96,2024-06-14,Afgewezen
51623,e7c87dcb-1628-4848-90bd-40d9087018c6,Huisarts,180.28,2024-12-10,Afgewezen
58987,051e4b5f-b9cc-4f29-85f9-445be10ebafc,Fysiotherapie,59.8,2024-08-20,Goedgekeurd
96054,a1d3eb58-ea35-4277-a4e0-9da5e65aef9f,Medicatie,200.72,2025-02-17,In behandeling
16225,7a592a4f-f387-49cb-bed1-f5ed3a1ef08f,Ziekenhuisopname,21.59,2024-09-04,Goedgekeurd
94862,28646f02-6b31-44d4-9906-37f26fedabe2,Fysiotherapie,492.97,2024-12-23,Afgewezen
75433,608ea1cf-9cbb-4d17-b271-f3507a4a28b4,Medicatie,496.49,2024-06-05,Afgewezen
72176,2b8ee5ec-21a3-4401-8ef1-d4605625a033,Psychologische zorg,480.03,2024-07-31,In behandeling
84203,9a3e4668-f97e-4760-8b94-6a51261f6338,Huisarts,76.72,2024-03-16,Afgewezen
90595,6c36b8e5-68f2-4d7b-85f0-a1bf9ad8ff71,Psychologische zorg,402.93,2024-03-13,In behandeling
92804,93d44bf2-507a-4b74-9eab-2dd4cb0657c9,Psychologische zorg,293.83,2024-03-06,Goedgekeurd
92991,b398b710-5f8a-42a6-8987-4e909df72168,Fysiotherapie,105.38,2024-12-25,Afgewezen
12269,53d63d42-962d-416e-8e9a-bc0dadaddebf,Medicatie,414.27,2024-03-31,Goedgekeurd
32510,1ebbea99-88be-4995-9035-1ae7cd3661f7,Ziekenhuisopname,25.04,2025-01-26,Goedgekeurd
97549,87ff7254-4297-460b-87ce-92ca5310abc3,Tandarts,270.01,2025-01-01,Afgewezen
95144,a3094b8e-0716-41c0-ad11-55fb1c9cee0d,Huisarts,27.0,2024-12-20,Afgewezen
95502,4c346f09-5f6c-4989-a075-37b358fe6b93,Psychologische zorg,455.47,2024-04-24,In behandeling
84094,69b2c0d2-7ab1-439f-b328-a11572d9a3ce,Ziekenhuisopname,328.6,2025-02-12,Goedgekeurd
43695,f9f38a1a-fc73-4573-857f-8de492fd6e56,Huisarts,249.74,2024-06-03,Afgewezen
98433,d46b829c-7720-4e28-bfcf-6b4d5dfa9936,Huisarts,106.57,2024-10-05,In behandeling
78636,8ba152aa-2486-43c9-bb04-a2d07bfc4c19,Tandarts,246.79,2025-02-17,Goedgekeurd
92147,a5963644-1d6f-4c4d-8445-d77c89584e90,Fysiotherapie,376.97,2024-12-23,In behandeling
82016,402c7596-4dad-4f68-a299-a3af06cad04c,Medicatie,161.01,2024-08-18,Goedgekeurd
33979,a696167e-fedc-41bf-ba56-2c89bebdae90,Tandarts,361.22,2024-08-21,Goedgekeurd
95275,3ca5a437-76d6-45dc-beac-d3bdc90fcaf9,Tandarts,125.72,2024-07-07,Afgewezen
68933,1d6b9bd7-87af-4be1-a345-b91cb099666c,Ziekenhuisopname,207.06,2024-08-23,Goedgekeurd
13997,b60fc0af-2a1f-4756-a8aa-1ed5f61ba5e4,Psychologische zorg,190.57,2024-07-16,Afgewezen
97128,c143bc32-1d7f-47f2-ae9c-214941f72730,Ziekenhuisopname,239.86,2025-01-30,Goedgekeurd
28729,af1d1d58-f0e1-4c18-a18f-b3736a59d9f3,Huisarts,10.52,2024-04-03,Goedgekeurd
44035,04a25f64-b256-4c33-a276-18e7afe4718b,Medicatie,244.69,2025-02-26,Afgewezen
67989,158fb317-e57c-4002-858c-db85874368bf,Psychologische zorg,405.37,2024-07-09,Goedgekeurd
51521,b2884aa7-d3a3-4930-a9b7-635c31bd8b81,Psychologische zorg,301.02,2025-02-22,In behandeling
28538,0d8f649b-289b-427f-bf3b-00aca0e01669,Medicatie,42.47,2024-05-19,Goedgekeurd
94878,49aae672-acb9-47be-a8f1-59a2f7965995,Medicatie,93.7,2024-10-04,Goedgekeurd
69003,1e0d648c-fba0-4c19-8df1-26f007e6b42e,Medicatie,465.72,2024-07-25,Afgewezen
62926,41478d77-a1fa-4808-bc52-a6111b821337,Psychologische zorg,171.26,2024-09-04,Goedgekeurd
43483,f581b5ba-e165-406b-84b5-1c97e8ebb322,Ziekenhuisopname,497.95,2024-11-22,Afgewezen
73957,ca7238c6-0233-4fb2-916d-514cde372d76,Tandarts,27.25,2024-09-17,Afgewezen
54154,6748a9e5-af0a-463a-b736-b7fc7b1db769,Psychologische zorg,172.62,2024-07-23,Goedgekeurd
64303,2aa2db36-35b0-43e8-af1a-1d0a2d6e14aa,Tandarts,267.56,2024-09-30,Afgewezen
50209,ad9cfd2a-e142-40b8-a73d-e15dbabe89d0,Psychologische zorg,165.28,2024-09-15,In behandeling
65682,3edd2bb5-99b9-4f4d-8b06-2d2155ce3fdf,Psychologische zorg,315.84,2024-11-05,Goedgekeurd
21729,3be7cf8f-0374-42f9-9bc6-727cb5c871a2,Psychologische zorg,200.19,2024-10-07,Goedgekeurd
23195,b3e389ac-986c-44e8-8eaa-ca0ca0cfb78d,Huisarts,393.58,2024-04-25,Afgewezen
90459,3965dc6c-991f-44a0-bdab-4b05704ffca6,Fysiotherapie,363.73,2024-05-22,Afgewezen
62102,64fa77a2-f699-4495-be69-935a6b983d15,Psychologische zorg,200.48,2025-02-26,Afgewezen
86604,266874b2-1d14-40cb-a8e3-8bf6c0c4c0f5,Ziekenhuisopname,480.37,2025-01-04,In behandeling
12644,d1bdda5b-34fe-440b-9944-b87553e38c23,Psychologische zorg,382.06,2024-04-18,In behandeling
23099,dd899d7d-4f09-4ae3-b6f2-09bfc191d5e9,Ziekenhuisopname,496.48,2024-12-31,Afgewezen
66597,682611b0-e1fa-4c70-8c43-46be7868ecff,Tandarts,315.16,2024-09-07,In behandeling
33870,34943de1-f497-4b9b-a286-e54837ba38bb,Huisarts,486.37,2024-10-12,In behandeling
90860,741adff1-a3fa-4ffd-b52a-98d523e11467,Ziekenhuisopname,419.06,2024-09-06,In behandeling
67373,fa8acd76-abd5-4f9c-8b4c-fc65008b6c60,Medicatie,204.17,2024-07-28,Afgewezen
51988,f2d8e11b-e23c-47a4-aaba-ed9670225fff,Psychologische zorg,425.99,2024-03-31,Goedgekeurd
54507,0c616f27-db20-4a87-becf-5da4cea13bf9,Fysiotherapie,101.22,2025-02-17,In behandeling
81988,b165c97c-1df5-4f75-b46d-7d9c9c7a5087,Medicatie,212.52,2024-09-16,Afgewezen
52425,a17601dd-0929-4b82-8b57-2dea9388c78d,Huisarts,93.0,2024-08-30,In behandeling
39282,dda873ca-87c8-46ab-bd0a-5ca0c6cf8543,Tandarts,198.97,2024-12-15,Afgewezen
24168,c8f788e5-6a04-43ac-b3c6-f41c97287dc9,Medicatie,46.69,2024-12-04,Afgewezen
97443,495ecaa2-e6aa-4b7f-b538-ac71fef93080,Medicatie,187.46,2024-09-26,Goedgekeurd
56822,d80e9be2-03a8-4593-adde-788976c227c0,Medicatie,205.21,2024-08-28,Afgewezen
10661,85c20592-63d9-48c8-8a75-7cfac8a49c64,Medicatie,13.05,2024-05-05,In behandeling
18350,23acf39a-ab50-4c77-bd4f-482a12c8cb04,Ziekenhuisopname,370.16,2025-01-27,Afgewezen
86145,08ac4804-ca97-4b15-bc67-3841200af306,Fysiotherapie,364.41,2024-12-29,Afgewezen
46216,0db5b773-a585-4917-a530-5d8241e0d61e,Psychologische zorg,353.97,2024-04-28,Goedgekeurd
91720,729afa96-c0a7-4dff-a2d8-4253ba7c204d,Tandarts,65.07,2025-01-03,Goedgekeurd
85509,25e5fd1d-26ce-41ad-95a9-fa4998b0d11f,Fysiotherapie,36.32,2024-07-02,Afgewezen
77701,31edccb0-435f-40ea-b7a0-16078c64b6c4,Medicatie,426.38,2025-02-27,Afgewezen
69828,e8510d0e-7496-4dab-8e29-3251bd2c6167,Fysiotherapie,431.47,2024-06-02,Goedgekeurd
86160,0061cf8a-dea3-41c2-930b-4ecb421a431a,Ziekenhuisopname,344.78,2024-11-25,Afgewezen
23626,0d16bc80-630e-42f6-ac7e-aba0a222201e,Ziekenhuisopname,240.15,2025-01-07,Afgewezen
78715,31089bac-66bf-49e8-ae91-b57652fb183a,Medicatie,39.31,2024-09-18,In behandeling
42654,30d894a6-5e31-4692-a22d-7d219999e990,Ziekenhuisopname,473.24,2024-08-24,In behandeling
39253,64c3609e-d8c5-40d4-8f7a-ba41d02d08e3,Huisarts,339.67,2025-02-28,In behandeling
96856,3e4521dc-e2ac-47cd-8268-de1e84c41186,Ziekenhuisopname,53.28,2024-04-05,Afgewezen
85482,a1f3019a-6a93-4b99-9350-c60407dc1423,Ziekenhuisopname,126.12,2024-03-31,Goedgekeurd
87897,c957d611-e427-44e4-9f0f-02f0b3a91c16,Psychologische zorg,186.39,2024-12-12,Afgewezen
41673,93e8c98b-8314-45a1-90c4-bf677ac061b4,Tandarts,385.63,2024-04-17,Afgewezen
43403,53c6c515-b452-4057-b4df-0855c3bf35e8,Ziekenhuisopname,70.67,2024-10-03,In behandeling
96549,3d4e1980-7a69-435e-b79b-eb4609c4114c,Psychologische zorg,311.81,2024-10-05,In behandeling
75941,c4a3f1be-0f7d-45a8-87ea-99babfb7ff6b,Tandarts,481.54,2024-03-31,Goedgekeurd
70671,2f5a9538-3256-4d5b-b72c-2f7476158e01,Medicatie,456.29,2024-05-03,Afgewezen
73423,cd6488a8-1470-45e0-aede-fee0a2edf9c7,Psychologische zorg,67.52,2024-07-13,Afgewezen
48646,a390f6c7-3be2-4a7f-b8a6-2817bacae7c2,Tandarts,498.47,2024-08-22,Goedgekeurd
68062,c664f416-5c25-4922-8527-7b02c49b1073,Psychologische zorg,410.08,2024-07-14,In behandeling
91490,6f0be9b7-de56-4e5f-a0cf-fd87533d113b,Medicatie,10.14,2024-06-05,Goedgekeurd
89856,fc2933d4-f607-455d-89c3-f970056f8a43,Ziekenhuisopname,409.99,2024-09-06,Afgewezen
39572,eaee5951-15d0-4f46-8ce1-93302d81a39c,Medicatie,18.58,2024-06-20,Afgewezen
30043,65f8e79d-d329-41ce-96d8-40913b9430b7,Medicatie,59.21,2024-12-29,Goedgekeurd
89818,7fa85360-159e-4cb2-b96c-d921e6e00888,Medicatie,217.47,2024-06-16,In behandeling
48068,bf7137b3-1464-4db9-9717-0b12ea2f3d2d,Medicatie,301.31,2025-02-04,In behandeling
65675,7118f637-00a9-4ee5-beca-79aae3e65e15,Ziekenhuisopname,334.6,2024-07-02,Afgewezen
71368,33acc754-aca7-48a5-bba1-28d4a206fbba,Tandarts,135.79,2024-11-14,Goedgekeurd
38176,dd612228-83ac-4c69-9d78-7b23a5a328aa,Ziekenhuisopname,203.8,2024-03-18,Afgewezen
66469,206c58d9-463d-4f7d-b5a4-2c3b4f77f33c,Fysiotherapie,373.24,2024-06-22,In behandeling
42844,6792432f-bdd1-47e5-8740-9ff7bc623f8f,Medicatie,444.98,2024-12-13,Afgewezen
77053,f79b5bcb-0e4b-446c-87ee-56a6dd78a865,Huisarts,200.61,2024-04-13,Afgewezen
94038,9161fe27-1795-487d-8b5f-443f5739cbac,Tandarts,365.84,2024-05-31,Afgewezen
72422,c2388a39-bf09-472e-8ea7-a080c68e7468,Huisarts,420.73,2024-06-15,Goedgekeurd
47656,45c57ef3-fa21-4fe3-84a1-af219c890602,Tandarts,422.57,2024-12-18,Goedgekeurd
54414,b24d04e5-5e45-40b1-9582-c5082bdd5447,Psychologische zorg,348.93,2024-04-23,Goedgekeurd
12403,43a9999c-2c15-4736-a0b1-654adeac028c,Psychologische zorg,264.34,2024-05-15,Afgewezen
64189,d5c0eb02-1941-43cc-a6bf-48c5edc93005,Tandarts,267.25,2024-12-19,Afgewezen
45079,d89ccd4b-4086-4b7a-8d16-91e616e4d6e2,Medicatie,496.25,2024-11-30,Afgewezen
54121,1a900db1-42cd-4a87-bee4-1a66273f16fd,Ziekenhuisopname,369.56,2024-05-09,In behandeling
52353,1bcc1d04-1e34-49d9-a8b4-8b92967314a2,Medicatie,414.19,2024-08-11,Goedgekeurd
45254,548d474c-d253-4a73-b21a-5c55acf6627f,Huisarts,103.07,2024-05-17,Goedgekeurd
24141,a883254b-7d1b-49e6-8b4e-ea1040c23d91,Ziekenhuisopname,497.58,2024-09-19,In behandeling
36816,b856888b-443e-4332-aec7-5828e44c08ba,Huisarts,386.72,2024-04-05,In behandeling
40795,27a80f97-de57-4a23-8fd4-d11e66e06e86,Tandarts,426.1,2024-10-16,Afgewezen
34812,7e486ae7-e5d5-4a3c-b76e-835436dc389b,Tandarts,434.37,2024-05-02,In behandeling
63814,407379d4-e601-4446-bc39-0bae0119e0ec,Ziekenhuisopname,118.14,2024-06-10,Goedgekeurd
23005,1c2b9610-218e-461e-9f41-22c1d44810ca,Tandarts,352.26,2024-05-20,Goedgekeurd
89009,494e3188-e4ab-446a-8521-ee042afd8ea1,Ziekenhuisopname,386.28,2024-04-19,Goedgekeurd
78174,21ad25ce-f192-4514-b398-ca7adf1cc003,Ziekenhuisopname,390.14,2025-02-26,Goedgekeurd
79268,db288516-7ae0-4fb2-a930-fc3002a7e919,Medicatie,271.59,2024-08-05,Afgewezen
75274,3e05140d-21b8-435f-b1c8-a48e531253f9,Psychologische zorg,109.7,2024-03-26,Goedgekeurd
68074,54a49948-6434-4056-9048-a7bee82130b9,Fysiotherapie,425.73,2024-10-31,Goedgekeurd
39268,760762a6-95a2-4868-86c6-037c0418f448,Medicatie,32.41,2024-10-02,Afgewezen
96051,59e2aafd-5caf-472b-8904-0f8428179d91,Tandarts,196.74,2024-10-09,Afgewezen
99498,ae0c1dd1-c3a8-410c-8b07-9951e77d7bfb,Medicatie,162.78,2024-12-23,Goedgekeurd
45958,147ff15c-686f-4c5b-8ec5-ddef558ebdfa,Psychologische zorg,244.36,2024-06-16,Goedgekeurd
88837,2d7358c0-ef23-4425-a7bf-4e15816876c1,Psychologische zorg,423.78,2024-08-03,In behandeling
78621,c4d97b0c-b5fe-4ef1-a3bf-7c627a3b8a0d,Fysiotherapie,33.61,2024-10-03,Goedgekeurd
68040,99d34a58-43fd-407b-86d4-20d599a3c9e9,Tandarts,463.89,2024-04-09,Goedgekeurd
15464,3a618620-26de-4e36-9efc-a7e770e01ec7,Psychologische zorg,243.69,2024-05-30,Goedgekeurd
49197,c1bcbaf1-589f-4b50-af2c-6cf4ddd55907,Huisarts,161.3,2024-11-19,In behandeling
55346,cd7e8089-f8b6-46f5-99dc-a2e6538e8688,Tandarts,323.56,2024-05-26,Goedgekeurd
73404,b85d1cb4-ed40-4bdd-b634-89c34edaf60b,Medicatie,370.02,2024-09-19,Afgewezen
26403,cd2049f5-1ffb-4894-9bc2-d37fcef4caf2,Psychologische zorg,75.55,2024-09-01,Goedgekeurd
41267,4853bb19-2178-4aad-bf98-423c70eb9126,Ziekenhuisopname,402.1,2024-06-21,In behandeling
47469,6a969c03-3f67-470c-a1cb-e01b51442b2b,Tandarts,354.28,2024-08-21,In behandeling
13226,9cc26d54-0dba-4d42-997d-ee9e168ed355,Medicatie,331.66,2024-08-10,Afgewezen
14277,45069774-a77e-4952-98ed-7e2c277e8be4,Medicatie,457.62,2024-11-17,Afgewezen
10561,ec5ab812-3d6e-41dd-b10c-ed06ebe5a288,Fysiotherapie,320.46,2024-03-20,Goedgekeurd
59336,a4c2b9e2-e84c-4395-a0b4-a2a80aeed5e2,Huisarts,171.17,2024-07-19,Goedgekeurd
57589,92cfeaf6-a36d-4291-b206-16d6eaea58e2,Fysiotherapie,410.99,2025-01-09,Goedgekeurd
27680,808ef1c8-37a7-4882-bf4a-70d8f3b296d7,Huisarts,321.01,2024-08-08,Goedgekeurd
27057,b47d60b2-c91b-482f-95e9-7ac1e01a94bd,Psychologische zorg,59.79,2024-07-31,Goedgekeurd
24074,79a6cfa7-9626-44cc-a4ab-a0f4974fb41c,Ziekenhuisopname,172.02,2024-12-10,Afgewezen
76440,75db7c67-e9be-4e1e-9630-42ea910e078a,Ziekenhuisopname,285.41,2024-03-15,In behandeling
83269,c27b2e16-183e-4ea0-a021-5318278196c7,Tandarts,271.23,2024-04-08,In behandeling
33212,bfe4a737-c303-4165-98ca-5c9c1388dfcf,Psychologische zorg,439.82,2025-02-26,Goedgekeurd
41281,36692cb6-591a-4041-82c2-cf30906afa47,Tandarts,413.78,2024-11-12,Afgewezen
52066,92887282-86a9-4fa4-8b6f-061bfe6e1951,Ziekenhuisopname,134.16,2024-12-20,Afgewezen
97285,73b2be32-b0db-4a1a-b5e2-08d9d5dd4b37,Medicatie,310.28,2024-12-18,In behandeling
15396,e2e6757d-a20c-4d89-8e08-4834431b88b3,Tandarts,264.54,2024-10-30,Afgewezen
24048,6f3cffae-753e-403c-8c4f-9a6d166ab7cc,Ziekenhuisopname,29.34,2024-09-12,In behandeling
89809,f7841c51-2456-4f77-91b5-101335f19e8b,Huisarts,138.73,2024-10-24,Afgewezen
52041,65a36b6e-b9ee-49a7-8e7b-1ce4dbd34a48,Huisarts,127.25,2024-06-13,In behandeling
62383,29e69ffa-0ccf-4783-86b3-e5ee2c84d8c6,Medicatie,166.03,2025-01-24,Afgewezen
98929,00f9bd75-1d42-4449-9158-b1f18033df17,Psychologische zorg,67.95,2024-09-04,Afgewezen
82637,6cdcd527-7036-41e2-9fba-b68d3ca59af0,Fysiotherapie,161.12,2024-10-18,Afgewezen
42649,2b729cfd-7f65-4218-8686-456619bcd9d3,Ziekenhuisopname,190.78,2025-01-15,Afgewezen
95548,ddaefa60-1066-4371-b87c-4692d2e1b9af,Psychologische zorg,138.56,2024-10-14,Afgewezen
15271,f5f5879b-547d-42aa-bb6c-09292abd46c9,Psychologische zorg,412.03,2024-04-24,In behandeling
22586,545f326d-a33d-4abb-92f8-5431cb08f8fe,Fysiotherapie,372.61,2025-02-09,Afgewezen
12325,4d313758-2df0-4f33-af6a-293eb515f8c7,Medicatie,338.7,2024-09-14,Goedgekeurd
95362,f1e7f506-2db9-4f35-abdd-d5cee36fb8f9,Ziekenhuisopname,318.74,2025-01-26,Goedgekeurd
80035,338c2a9e-a724-4951-a6cc-50ea0d7fc849,Fysiotherapie,273.01,2024-07-01,Goedgekeurd
46089,f3c357a6-0121-40c8-8ec8-23a8d98df075,Fysiotherapie,128.49,2024-09-25,Afgewezen
51319,1fddb1b2-92ab-448b-9220-5670acbbe1aa,Huisarts,497.93,2024-12-01,In behandeling
74419,ece6f9df-e0b0-46a6-9f47-a0110358272c,Medicatie,111.22,2024-06-06,Goedgekeurd
16287,f7acd5c5-9512-4fd9-a38e-eb25e16e1ac2,Fysiotherapie,281.47,2024-08-10,Afgewezen
10267,7f68e0da-fa41-40a1-9c38-ceca28b7fb53,Psychologische zorg,310.16,2024-11-24,In behandeling
26033,53b7e43d-56cc-4946-8071-9b006f1b6dc2,Medicatie,370.37,2024-12-31,Afgewezen
35838,f3be5bda-1e0b-4b4a-859f-db9af6d2370c,Huisarts,67.79,2025-02-17,In behandeling
84261,351c59ed-7a14-42a7-b920-f1ae91a6da95,Huisarts,410.15,2024-07-20,In behandeling
46415,3188c447-c03f-4ff0-9c97-a5792653da5f,Fysiotherapie,83.07,2024-06-10,In behandeling
17492,26cc494d-3d00-4a56-b713-3af0c9b3cb33,Fysiotherapie,177.4,2024-07-29,In behandeling
18830,0ffcfad6-8519-401d-b019-930c8a62e142,Tandarts,428.11,2024-09-09,Goedgekeurd
41318,ee5d7119-101a-4dac-bf74-6bfe2cfcecac,Medicatie,13.71,2024-08-15,Goedgekeurd
27747,caa17067-ed5e-4f87-a9dd-9c2fa4b9476d,Tandarts,265.86,2024-09-07,In behandeling
54747,11af0538-d395-4e13-8039-d6290e650a0f,Fysiotherapie,331.91,2025-02-25,Goedgekeurd
97358,40b1bf25-995d-4e4a-b1ba-0e1257a23e51,Huisarts,437.92,2024-03-06,Goedgekeurd
11896,1e3b1569-e84d-4975-9ae1-3f2cfbbecd59,Tandarts,234.16,2024-12-03,Afgewezen
46480,7ca062e5-ded4-4265-b73b-39f47899277e,Medicatie,245.3,2024-03-13,In behandeling
98392,b36a1d06-ff45-4dc4-a5b8-c3b0a08aba81,Psychologische zorg,147.67,2024-06-06,Afgewezen
68247,ff23c6d8-a252-42de-86ad-2493a5f0246d,Ziekenhuisopname,69.31,2024-11-14,Afgewezen
48204,51d7f68b-c2e0-498e-bac4-daef4612a379,Huisarts,59.92,2024-04-11,Afgewezen
16123,1ff93da1-88b5-4c5f-be2c-e72a5e7c3379,Ziekenhuisopname,359.07,2024-06-04,In behandeling
78897,0d83ca99-e8bb-426a-ad92-4587360c6220,Huisarts,279.77,2024-04-18,Goedgekeurd
12513,0fe6e129-2634-4888-a087-5ac4db193569,Huisarts,396.03,2024-07-22,Goedgekeurd
79132,0d140fbb-a173-4b86-aaa5-3dfca659fdca,Huisarts,415.58,2025-01-16,In behandeling
16830,9872372f-f326-4640-b251-74699fde9d9a,Huisarts,138.3,2024-08-08,In behandeling
92741,ebdd523c-4c76-4c23-9b39-c88a5d50e7d3,Psychologische zorg,218.94,2024-04-05,Goedgekeurd
91862,7b05fc46-a07b-4f1a-a012-0b9a35102a70,Fysiotherapie,106.58,2024-07-27,Afgewezen
31125,92db509a-6c24-4e10-b88c-40214e4b8786,Tandarts,422.88,2024-04-28,Afgewezen
70112,1b9c6270-2f22-4945-b0c3-7bacea84bcae,Ziekenhuisopname,489.37,2024-12-18,Afgewezen
86158,50ea7033-e137-43e3-a7b0-2a339bfea22c,Psychologische zorg,13.67,2024-08-15,Afgewezen
33310,be2ebbc9-9a32-4d46-a842-fb4f68c27795,Fysiotherapie,318.65,2024-05-17,Goedgekeurd
58794,577584bf-806b-4ed5-9ac9-bc7e8f4af7e5,Ziekenhuisopname,264.52,2024-03-30,Afgewezen
17564,b27f0438-521b-4866-8776-1b6b5384a8f6,Tandarts,366.57,2024-09-18,Goedgekeurd
89776,3e6a6793-a68f-4a70-ac4b-61e809ad0030,Tandarts,273.93,2024-10-17,Afgewezen
63818,d9c3392c-e469-487f-a0e0-5a33a3c86e51,Psychologische zorg,181.74,2024-05-24,Afgewezen
26898,887c0213-2623-4a83-9650-5191af7b00a2,Tandarts,347.62,2024-04-28,Goedgekeurd
19891,a769d181-df14-41af-8b4b-c516ec84e3ab,Psychologische zorg,213.61,2025-01-08,Afgewezen
84998,54bc2ad1-781e-40ff-8f59-091a17ec996e,Psychologische zorg,203.92,2024-12-21,Afgewezen
32164,2a82029f-5b24-4a39-a5d7-08afba0991fe,Fysiotherapie,459.0,2025-01-10,Afgewezen
92054,9e31206c-be95-4d0d-90a2-cadc30ddab28,Huisarts,488.27,2024-10-04,In behandeling
30060,cf0b1608-e4cd-475e-870a-c6623b26fa60,Psychologische zorg,77.03,2024-05-03,Afgewezen
71609,bece4bf4-303f-4eb9-9b0a-bc671d78a5b8,Fysiotherapie,28.75,2024-07-15,In behandeling
86337,4332c471-bdd5-4816-b932-3d0f1f57924c,Psychologische zorg,19.42,2024-11-08,Goedgekeurd
37524,79cd4fdf-6eee-4468-8bb5-0266595ae381,Psychologische zorg,298.49,2024-08-15,In behandeling
81968,73d7314f-4b2f-43d4-b50d-1e64ca4d04ce,Fysiotherapie,399.33,2024-03-08,Afgewezen
49681,ea7f72ed-c3c6-4028-bb9f-63baf7ed1eff,Ziekenhuisopname,303.33,2024-03-16,In behandeling
78033,cdafcaea-7606-4ef8-9f8a-a17782b43651,Psychologische zorg,187.94,2024-04-11,Afgewezen
54421,75a1cdb7-fb41-464c-ae99-6baef9b7e3f5,Huisarts,490.82,2024-11-13,Afgewezen
53776,308aa51c-f93e-4a45-bf79-6a7a9e366772,Fysiotherapie,338.55,2024-06-27,In behandeling
73302,6616c4f4-258f-4acd-9e13-0ee57d47c18d,Fysiotherapie,419.69,2024-09-12,Goedgekeurd
69736,843ac07e-ccae-4804-be1e-51fa69f3b2ef,Huisarts,495.47,2024-07-13,In behandeling
51594,900384a2-a6fb-4e48-a397-9de524e78bba,Huisarts,371.85,2024-03-16,In behandeling
73195,a370a1c3-bbbb-4905-aeca-5ca4a334e8ec,Psychologische zorg,415.2,2024-09-28,Goedgekeurd
81723,3b17e1b1-067d-4901-9374-dca68de26421,Psychologische zorg,232.16,2024-09-18,Afgewezen
46567,cba4d7f5-971a-4010-85a8-82f826c180bf,Tandarts,25.37,2024-08-18,In behandeling
70042,af95f672-5cfa-40ec-bce2-e5101d418237,Huisarts,375.51,2024-03-18,Goedgekeurd
22891,d5e2f2da-feea-4cb7-84ac-e61bfbc00ba5,Psychologische zorg,72.75,2024-10-16,Goedgekeurd
68662,39c56780-bd34-44df-b46c-04e2268d030c,Huisarts,140.13,2024-06-06,Afgewezen
21859,7b0bb706-af93-45eb-8cc2-a871e0f426d7,Psychologische zorg,47.17,2024-05-02,Afgewezen
47597,82efdc0b-4eca-4bec-9e7d-c163ce24511e,Tandarts,177.31,2025-02-05,In behandeling
68318,4c476b3e-c92c-42d5-9d88-5a2e04dc5202,Medicatie,88.77,2024-03-16,In behandeling
63400,eecc7e4e-6b3d-4a6f-b608-acac6a1e8c47,Tandarts,423.6,2024-06-28,Afgewezen
73542,2eccf378-0d8e-4e12-a2c0-6b5e1527a6ea,Psychologische zorg,363.32,2024-07-02,Goedgekeurd
70439,daa3e4ea-b27b-4079-b9c0-2369dbd4d9df,Medicatie,229.25,2024-06-25,In behandeling
67546,9a948e1d-2362-4db0-ac9a-cb07553523e2,Tandarts,461.57,2024-07-09,In behandeling
29820,f3b112ee-cbe0-4caa-9a2c-c2c1034b9ca8,Ziekenhuisopname,450.99,2024-11-13,Goedgekeurd
71383,31c40068-25ec-4507-8781-2758a6f27e7a,Huisarts,126.2,2024-08-21,In behandeling
73160,ba5b33ea-1ca7-4313-821b-eca6014d7466,Huisarts,183.45,2025-01-13,In behandeling
31347,c358a47c-5c7c-4148-a52b-1a894a0882d5,Huisarts,312.58,2024-10-17,Goedgekeurd
26694,f781c590-51fa-44a5-a66f-ee082f8b191b,Fysiotherapie,242.43,2024-10-08,Afgewezen
73483,19adac4b-8db1-40c7-bf32-7548bb611c37,Tandarts,252.79,2025-01-03,Goedgekeurd
22100,41f7f509-25fc-42d0-b724-b76d971efe35,Fysiotherapie,425.09,2025-01-09,Afgewezen
85220,aeaee751-99d4-4c73-a9f8-8e0ffd5c53d5,Medicatie,383.19,2025-02-23,In behandeling
86026,f3cf38de-3244-4076-a0bc-cbba51b88afd,Tandarts,244.5,2025-02-17,In behandeling
31627,c6253428-07ce-4070-907e-374eed09b4b6,Fysiotherapie,259.52,2024-06-20,In behandeling
19234,da135df8-0e52-4dcc-94a6-8db58851a9b8,Fysiotherapie,127.55,2024-03-09,In behandeling
96016,9d16ec04-1f32-4aec-a72d-5e1ae3fa7905,Medicatie,79.45,2024-08-19,In behandeling
41674,3d6b7148-8da3-4e32-9550-ae19af0fc42b,Fysiotherapie,176.78,2024-06-24,Afgewezen
93222,8f629c5e-e53d-40ea-99d4-f236889e1cc1,Fysiotherapie,450.36,2025-01-15,Goedgekeurd
41831,e4090875-5437-4e1f-845e-82ee59dc0ceb,Tandarts,460.89,2024-09-24,In behandeling
35807,ad6a4dea-6bf0-4a8b-b6a7-b16653fce665,Fysiotherapie,189.03,2024-09-22,Afgewezen
77791,e4e585c8-e082-4993-85a2-9be987208b82,Ziekenhuisopname,127.94,2024-05-29,Afgewezen
73141,db5d4928-4de9-4618-b551-4eb9e6e3c730,Tandarts,356.41,2024-08-04,Goedgekeurd
68822,98b87e6a-5d7f-402e-90ec-ffc68eadd2f2,Medicatie,359.71,2024-06-23,In behandeling
54522,f4dddec5-df27-4a35-8e5b-b1c3ca006ef7,Medicatie,206.89,2024-07-18,In behandeling
59881,8922241e-fdd8-4353-a637-f8c96d8aa988,Huisarts,325.02,2024-07-23,In behandeling
35429,69a9b76a-1138-49f1-9bfe-2a6e8bab1e91,Ziekenhuisopname,145.87,2024-10-25,Afgewezen
66779,5430000c-8b78-4342-9dc9-5e773731a1e7,Fysiotherapie,287.23,2025-01-07,Goedgekeurd
38130,49d3499b-f2b3-4c90-9f96-c12380d50aef,Ziekenhuisopname,36.57,2024-03-09,Afgewezen
58236,410da588-8535-4f7d-b83f-461573da613e,Psychologische zorg,406.99,2024-07-09,In behandeling
77062,085325b0-a088-4d93-aeaa-4f70898d7235,Fysiotherapie,406.27,2024-05-23,In behandeling
87556,8047c0e0-fc74-4499-bbeb-7ea7511c6dd7,Fysiotherapie,416.94,2024-12-16,In behandeling
97363,09eba387-8121-41fe-8072-8c97ad5104e8,Huisarts,354.31,2025-03-03,In behandeling
92308,c5e96fa4-b62f-4918-8f47-11f16e39dc0b,Tandarts,401.28,2024-06-17,Afgewezen
32688,04028b4b-81ba-43d6-bb1d-a34977e43a92,Huisarts,248.1,2025-02-20,Goedgekeurd
23045,c6101f3e-53ec-49bd-a699-b2e1b65abd75,Fysiotherapie,19.65,2024-08-28,Afgewezen
20505,097da2f4-1b2f-4bf6-8429-1a3f6212dfb3,Tandarts,190.3,2025-02-25,Afgewezen
39612,6c9c5e0f-44fa-483f-93e5-9b4ea1d86d07,Tandarts,38.43,2024-06-24,In behandeling
64238,8ad82e64-ac1e-425c-a71a-2f825964f0cc,Fysiotherapie,374.76,2024-05-18,Goedgekeurd
21585,2286f7dc-ef59-455e-8e42-bcccbce9fef9,Huisarts,323.81,2024-09-10,Afgewezen
35532,5d00fc05-a979-4926-98a8-0225918f7382,Tandarts,398.02,2024-06-07,In behandeling
18336,22e04bba-a14d-425b-8cf3-7aa2a5278ace,Ziekenhuisopname,223.41,2024-11-22,In behandeling
96542,e65ced3d-1964-4640-9732-438a8eb8d71a,Fysiotherapie,470.34,2024-10-18,Goedgekeurd
83574,01719f2d-b74b-4244-aa8c-d05642f71273,Huisarts,56.68,2024-05-05,Goedgekeurd
28498,e7099162-830b-4a43-b64f-f341206e43b3,Psychologische zorg,200.75,2024-05-05,In behandeling
78286,5b145433-0487-4f11-8045-85603ecaa2e4,Huisarts,171.64,2024-04-26,In behandeling
18688,47ab19ba-e97b-4842-8406-383b2302d2bf,Fysiotherapie,257.12,2024-04-01,Goedgekeurd
30387,c3a9221e-e042-437c-ab0f-11bcfcf37d19,Psychologische zorg,301.88,2024-09-28,Afgewezen
71796,72d99f7a-6601-4d41-b3f6-19848f6aecc7,Psychologische zorg,129.67,2024-10-18,Afgewezen
87511,9c1cc286-7b1c-4a94-a5ce-dbb802145946,Psychologische zorg,153.5,2024-08-12,In behandeling
72471,f0314eb1-504d-455d-9027-01ee8588ca32,Ziekenhuisopname,178.36,2024-11-13,Goedgekeurd
95638,7230d541-e544-482f-a062-83417ef3c0a4,Huisarts,436.11,2024-08-29,Afgewezen
66205,eafcd0e5-ff9e-4e07-9915-65b70ebc436e,Fysiotherapie,365.03,2024-11-11,In behandeling
66045,4c216ee6-0077-46e9-865e-881cab3ac241,Ziekenhuisopname,327.65,2024-08-22,Afgewezen
63088,6d23509d-c02b-44b7-abe3-c3d459f9e917,Psychologische zorg,94.1,2024-03-18,Afgewezen
69209,59ee34f5-2998-4508-b5f5-dce2af4cb488,Ziekenhuisopname,172.17,2024-11-05,In behandeling
90245,e711d92e-6bed-4b89-9b04-f1f16a49b5fb,Psychologische zorg,499.02,2024-10-09,Goedgekeurd
69061,7cf18a3b-c402-4e3a-9a8d-ec31b75e87e7,Huisarts,247.95,2024-11-04,Goedgekeurd
60262,a342c8a6-019a-4f00-aedd-f601502aeb1b,Ziekenhuisopname,332.31,2024-10-25,Afgewezen
11300,9c05f750-fda1-48f3-8b8b-2a93c9c7d13b,Fysiotherapie,67.43,2025-02-20,Afgewezen
42051,ac3d9467-db1b-4bdc-9675-0e9ecdc4bad5,Medicatie,390.3,2025-01-20,In behandeling
81311,d82a3e94-48e1-4e90-9ddb-5b8c94090a44,Tandarts,212.49,2024-10-15,Afgewezen
98659,66bd5235-ef89-475d-9cbb-879c91a52ce7,Tandarts,137.16,2024-08-27,Goedgekeurd
71844,85dc2394-f7c1-43a7-90bf-540fb006f658,Huisarts,238.09,2025-01-02,In behandeling
49275,555a535d-7d67-4f9d-805c-0e52457baf13,Huisarts,126.66,2024-07-27,In behandeling
70846,3d29627b-54c1-47ed-8d3e-64920ee33be1,Tandarts,236.49,2024-11-29,In behandeling
85332,db810f20-2cb3-4726-9fa9-2255e9deb761,Tandarts,461.93,2024-07-29,In behandeling
37784,a0fea739-d28d-4289-989a-2cffb16dbd66,Medicatie,259.66,2024-03-18,Afgewezen
54763,2aa10bf0-279a-43d9-827c-82627624d47e,Medicatie,41.03,2024-08-03,Afgewezen
24397,694cd31f-4c1f-462f-a230-9274d8cfb0a0,Psychologische zorg,455.65,2025-01-18,Afgewezen
23852,b7d5db90-09b9-4824-92d9-397c6726b0bb,Psychologische zorg,318.08,2024-09-14,Afgewezen
62073,89ed21d0-e966-4661-9647-ec0ae63f1f4a,Ziekenhuisopname,96.88,2024-06-22,Goedgekeurd
63068,3f77e132-4369-4089-9741-0b68f74d562b,Psychologische zorg,20.5,2024-12-21,Afgewezen
16267,4e4087b7-17d0-4009-a1e7-9a28a9f184a1,Ziekenhuisopname,439.29,2025-01-12,Afgewezen
16111,4112bd41-314e-4eb6-8df6-fbd6866f021d,Psychologische zorg,153.21,2024-11-14,Goedgekeurd
71659,7cd5e06d-42af-41a9-b8bb-bc6e88a34c40,Medicatie,190.58,2025-03-04,Afgewezen
60761,ef3263f1-fcd7-4ba4-99f0-3df674eb3e99,Medicatie,65.02,2024-09-21,Afgewezen
46876,b001f58b-7fa3-48f5-845d-8d50e5157e83,Huisarts,189.44,2024-05-15,Goedgekeurd
88854,1ea42221-954f-4ddb-932e-254f4e21bd6e,Psychologische zorg,199.62,2024-04-14,Afgewezen
59300,29c66307-52ba-4506-abfd-44a80089b1e8,Psychologische zorg,231.33,2024-09-22,In behandeling
17691,2b125391-6962-42f9-b59e-7085797a2868,Fysiotherapie,360.49,2025-02-02,In behandeling
74855,5a283575-1acd-435b-8a9d-279d7c42aff9,Huisarts,225.65,2024-10-22,Goedgekeurd
71598,08c59dea-d838-4b0e-b373-47e109625181,Tandarts,119.09,2024-04-10,Afgewezen
75723,b65ecec7-63b4-4e5a-a11b-ffeaebe1bd33,Medicatie,48.38,2024-07-30,In behandeling
95143,cd9c09a7-dd33-4caa-9cda-5780e6f2e7d1,Fysiotherapie,29.98,2024-07-19,Afgewezen
31792,9b5d6d07-9bb1-47fc-83f4-4b3e6a175af0,Ziekenhuisopname,363.43,2024-09-22,Afgewezen
29289,74316a36-07d6-41fa-bd71-b42ac11e50cd,Tandarts,447.03,2024-08-20,In behandeling
86361,ec1dc1c6-ba04-405a-8358-7d607e730b0e,Tandarts,321.4,2024-03-07,Afgewezen
38921,9a3a8e70-95f5-4a2e-9e68-1e9386969f65,Medicatie,376.27,2024-05-12,Afgewezen
87864,ae12cd95-24ab-4c53-b3b3-45de1422d886,Fysiotherapie,210.83,2025-02-19,Afgewezen
96627,2ac8dab2-4479-44ac-a834-d687cc48a69c,Huisarts,426.0,2024-03-31,Afgewezen
26786,bbb68b51-2356-4978-9d93-828f3f2989af,Tandarts,369.61,2024-11-19,In behandeling
91887,1f3358ef-1eb9-4cf6-a130-7ffb39bc6c77,Tandarts,132.5,2024-06-04,Afgewezen
43810,051dcc68-6609-48a8-aae6-1890855e5f3b,Tandarts,223.68,2024-09-15,Goedgekeurd
36495,72ff5365-52f6-46e6-a7ea-788d2983da70,Huisarts,397.98,2025-02-12,Goedgekeurd
38474,d59bc373-776a-4646-a31d-7bc8c1b5de37,Medicatie,167.17,2024-03-11,Afgewezen
16826,87a5874e-bae0-4c49-bd41-778c88b0ab66,Medicatie,234.98,2024-07-31,Goedgekeurd
18947,99b51960-b803-4ed1-a070-fb578f177ca5,Fysiotherapie,70.68,2024-03-07,Afgewezen
76474,f098929e-c919-4444-8a89-b68de0270706,Tandarts,332.98,2024-07-23,In behandeling
22180,a0e833d1-7942-4fa8-b239-aeaf4bca73a8,Fysiotherapie,294.5,2024-11-04,Goedgekeurd
18101,91c6a914-7d82-4a2a-9b9c-f54bc64c7e9e,Fysiotherapie,475.07,2024-10-22,Afgewezen
11429,80c5db84-fc49-422e-9bb9-db108ae28b21,Medicatie,226.35,2024-03-04,Afgewezen
14411,adf68ef7-cb23-4371-8656-d98c14a44c3a,Psychologische zorg,154.9,2024-03-28,Afgewezen
67188,7293a978-607d-4d17-85fe-f7d43e26b84c,Huisarts,232.07,2024-09-01,In behandeling
44943,d8b8bed8-ac0f-4b1b-84e0-46bcf5e841ae,Huisarts,308.17,2024-05-27,Afgewezen
64051,a87dd7c6-4479-4225-b5c8-95f151716acf,Ziekenhuisopname,297.13,2025-01-08,In behandeling
36396,f4cc2299-04e7-493d-a2e9-6541b83e6238,Psychologische zorg,291.36,2024-06-04,Goedgekeurd
43184,3bd2c091-51d6-4305-9f7b-d703e21ff9b6,Fysiotherapie,426.71,2024-10-15,Afgewezen
39062,7fae098a-55c8-46c3-90dc-2003fb7b4ff9,Medicatie,172.21,2024-12-25,Goedgekeurd
41099,6e64d7fc-ff01-4230-ac64-1d4aa22745df,Ziekenhuisopname,297.24,2024-07-08,In behandeling
37200,ac317c0c-a4cb-48d5-b075-2e0dbd0443ab,Ziekenhuisopname,114.03,2024-05-13,Goedgekeurd
26697,a7e2c583-60ad-4b3a-8713-bc1b41545240,Ziekenhuisopname,34.66,2024-08-20,Afgewezen
21099,48d3d09d-e6ad-4bf9-a901-2af5b0cb1901,Medicatie,486.52,2025-02-04,In behandeling
76337,4bcf8cf2-49ef-4597-972a-d5e1fc2c1e19,Ziekenhuisopname,161.95,2024-03-26,Afgewezen
33857,9cb7d912-e661-4cbd-a6e8-4752ff33bdb0,Fysiotherapie,344.89,2024-04-11,In behandeling
52496,2ad088cd-20f6-42e3-8103-306f1d505a84,Fysiotherapie,307.39,2024-07-06,Afgewezen
22877,46f9e964-a758-47cf-82da-85a0745bb2a7,Tandarts,242.54,2024-12-01,Goedgekeurd
10597,3e19a554-2c44-4429-a5c6-065508a6d1b9,Huisarts,346.86,2024-06-08,In behandeling
89861,2dcd8da2-cffd-451a-9b8e-8c62bdc22ae3,Huisarts,62.1,2024-06-27,Afgewezen
82276,a14ee987-77db-44cd-a73f-3b9430f642a5,Medicatie,247.71,2024-05-07,In behandeling
62843,296ea8f9-c0df-4f5b-bafb-3db020a90650,Tandarts,442.63,2024-03-27,Afgewezen
21279,1d109533-eaa4-4bc1-b132-e98b73af0b7c,Psychologische zorg,390.76,2025-03-02,In behandeling
28815,8d7cbd0f-d2b2-47cf-a6fb-16fec247e032,Tandarts,69.18,2024-09-18,Goedgekeurd
25437,6cee26db-0b60-4221-a7e3-445506218934,Huisarts,292.89,2024-08-23,In behandeling
35075,3868ba89-9439-454e-b5f5-45c0c463c387,Tandarts,377.22,2024-10-05,Goedgekeurd
17368,a276c777-60e6-439d-9bea-4ee368846344,Huisarts,167.1,2024-10-05,In behandeling
74776,c7f13116-03c6-4023-a1f6-e118e74e438a,Ziekenhuisopname,177.57,2024-06-21,Afgewezen
43562,18b120b7-164b-408e-bc3d-c7d29f3b577a,Ziekenhuisopname,97.79,2025-01-08,Goedgekeurd
27909,ef87a457-bb4c-4223-a035-d2e21586b400,Ziekenhuisopname,464.51,2024-04-05,In behandeling
75194,ef69c1e4-bd6e-45c3-bdab-edf42f22f623,Tandarts,198.9,2024-07-26,Goedgekeurd
82520,40a1d1e7-7337-48d5-b223-7f559728f6c7,Psychologische zorg,310.8,2024-06-17,In behandeling
17500,f5260d18-0749-45da-87d1-2d8e0ade78cc,Ziekenhuisopname,191.88,2024-07-19,In behandeling
72317,bb7664a7-0099-4e6e-84cc-ace1a6fdc73b,Fysiotherapie,429.45,2025-01-01,Goedgekeurd
12346,a02b593d-4ec6-488d-9012-f3e17655f37a,Ziekenhuisopname,238.55,2024-12-27,Afgewezen
37311,dbca6b51-9761-4716-a0f3-d20000a38a44,Ziekenhuisopname,94.48,2024-06-10,Afgewezen
58845,1970514b-61b5-40a0-b3b4-5a067a11decb,Tandarts,240.62,2024-10-24,In behandeling
63204,27cf6ce3-722e-41d8-a8ce-befbedafcbb9,Medicatie,125.46,2024-12-18,In behandeling
83716,20e1facf-d35a-416b-8a69-b909809ce5d6,Medicatie,283.13,2024-03-28,Goedgekeurd
36989,d9074d6a-42c7-4a29-97fd-f2f678f36778,Psychologische zorg,234.31,2024-09-27,In behandeling
55269,9add850b-dda9-492d-b2f2-d3a64126dabe,Ziekenhuisopname,27.36,2025-01-16,Goedgekeurd
35894,7ce3c995-eae7-45d2-9558-bd9c4c076b32,Fysiotherapie,438.62,2025-01-18,Afgewezen
24856,96ad7324-9a9f-4711-8aab-21004120e287,Fysiotherapie,295.82,2024-08-25,Afgewezen
39445,843807ce-7871-44e2-8fb7-b6517bb0869a,Huisarts,138.18,2025-01-15,Afgewezen
75831,1b888cbb-4466-4b09-97a2-60efbbf95b6f,Huisarts,293.05,2024-04-19,Goedgekeurd
84303,42feaf44-d064-49aa-b698-dd977e19a933,Ziekenhuisopname,220.08,2024-08-14,Goedgekeurd
63939,e7eec38c-0a9f-45dd-877c-95e5556325c8,Ziekenhuisopname,209.53,2024-12-10,Goedgekeurd
75320,f0522945-1599-4e3c-b6c9-36a5303635cc,Tandarts,113.34,2024-05-03,Goedgekeurd
36726,254073f7-53b9-4cbf-96e4-8e7ff26d241a,Fysiotherapie,124.21,2024-03-22,Goedgekeurd
66364,90b6a638-944e-455d-b277-11962bf3878f,Ziekenhuisopname,411.47,2025-01-12,Goedgekeurd
90709,1b0dcefc-d447-4200-bb0e-d51f5ff1f5c7,Tandarts,385.33,2024-10-03,Goedgekeurd
22940,8d2e3eb7-0671-49e0-b897-427803d5677b,Ziekenhuisopname,418.11,2024-04-06,Goedgekeurd
14124,3394e6e4-484e-4087-977f-88d6c98d468f,Psychologische zorg,198.26,2024-06-03,Afgewezen
65090,f8cec293-1307-4ccf-9530-fdc4124ea3a2,Psychologische zorg,119.38,2024-08-21,Goedgekeurd
75396,3e769284-c905-4aab-a0c1-b73bb5c383a0,Fysiotherapie,156.61,2024-09-08,Afgewezen
57235,fd085412-af15-4269-895f-4f002103ac5b,Tandarts,165.53,2025-01-11,In behandeling
13524,cd38038b-4a99-480c-bab1-295bd32415e6,Tandarts,313.76,2024-03-11,In behandeling
65571,5bddc79d-4230-4650-a2e2-ce151ea481ca,Tandarts,134.57,2024-10-13,Goedgekeurd
67541,8db8dab7-8962-4d98-8f1b-0562fc55ce01,Tandarts,191.32,2024-04-16,In behandeling
84062,1fe91710-f345-4d05-831a-e0ec6ede71f5,Psychologische zorg,379.12,2024-09-27,Afgewezen
95606,c1fc343f-7f76-41fd-a82d-19b9150db215,Tandarts,167.08,2024-06-05,Afgewezen
72072,274e7081-e293-46c9-86fb-cb8707e434cb,Medicatie,489.96,2024-10-16,In behandeling
24855,ad0e836c-e1a4-41de-b472-834cb93ca64c,Huisarts,378.66,2025-01-18,Afgewezen
44326,bf3d16fb-cea1-43e5-901a-82cbf0df7f28,Medicatie,154.08,2024-10-01,Afgewezen
91988,4a561ce2-a6b0-41d0-8110-9818af37e1fd,Medicatie,262.56,2024-09-24,In behandeling
71226,b683a8bc-0901-4001-92fe-6167223effb7,Medicatie,269.66,2024-06-20,In behandeling
31354,b9f01702-51b7-464b-823f-816809eb1305,Huisarts,370.55,2024-04-23,Afgewezen
22455,1e52589c-0523-49fa-9dd8-07503fd31f93,Medicatie,44.1,2024-10-03,Goedgekeurd
18003,f6e77f47-4cf1-43c3-a11c-417c13f4946c,Huisarts,487.93,2025-02-09,In behandeling
38009,86fed6c9-0f64-4786-9831-bf1e2184f8f3,Ziekenhuisopname,307.31,2024-09-17,In behandeling
12372,e5343d97-08e3-4b0e-bfaf-6d6622fa183f,Fysiotherapie,215.74,2025-01-17,In behandeling
69618,9c11020e-e38d-4ed4-89e1-40c8644c4032,Psychologische zorg,155.05,2024-12-09,Afgewezen
46031,10925278-22b0-4db5-8fc5-7ab950fdf1df,Fysiotherapie,482.32,2024-08-05,Goedgekeurd
39498,805db798-cf2a-4cb6-8195-d5b89032b931,Psychologische zorg,275.32,2024-12-08,Goedgekeurd
78177,ac2909ca-1f4b-499e-a5cc-9b9151d61a34,Medicatie,395.24,2024-06-11,In behandeling
13745,b91043e3-6df1-4677-831c-c1b814544cdf,Huisarts,380.01,2024-03-17,In behandeling
72980,f6672d95-2806-4a08-84f8-7e139adbc0e6,Huisarts,64.47,2024-09-11,Afgewezen
77957,a9bd4fd5-d27b-4952-9b16-fb1335ae77f4,Ziekenhuisopname,29.45,2024-06-03,Goedgekeurd
48162,09bf487c-8ff5-45e4-b77e-d9eb5373603f,Ziekenhuisopname,37.79,2024-11-14,In behandeling
39718,0793dcea-c7e6-4a4a-b2a4-3ddd29df63ae,Medicatie,491.97,2024-10-01,Goedgekeurd
87933,5d345ce8-c6fa-4ea4-a6eb-029291039bee,Medicatie,288.89,2024-05-12,Goedgekeurd
84960,8b9253d7-f2ac-4aaf-9c17-95a40239378b,Psychologische zorg,113.12,2024-05-31,Goedgekeurd
13596,68a273ad-47b6-4034-8619-57fda0d06b10,Huisarts,29.49,2025-01-29,In behandeling
26775,0f3d4591-d2f5-4bf1-81d6-8a747db28fd6,Ziekenhuisopname,446.73,2024-08-06,Goedgekeurd
67432,1e239491-9036-47b7-b935-f647dc661e20,Ziekenhuisopname,49.9,2024-05-04,In behandeling
24459,56485e24-087b-4e00-9d7a-8fb73c577875,Huisarts,499.61,2024-09-06,Afgewezen
48682,99456c8f-b194-45cd-9cb8-1f5ff181cc24,Tandarts,411.48,2024-05-18,In behandeling
68006,52d53e9c-0f7b-4950-84c2-4d18638a37c5,Tandarts,81.05,2024-09-15,Afgewezen
63003,454f2457-02a3-4d0b-8c60-ee81eeea1ccb,Huisarts,358.49,2025-01-20,In behandeling
80077,832ee800-3f70-4c37-9535-9e4898c17260,Ziekenhuisopname,191.63,2024-05-08,Afgewezen
36300,a30a8762-35f5-48cd-be13-35ae39b3c859,Medicatie,483.19,2024-10-02,In behandeling
21740,0ef92b9b-46e4-4adc-9806-ad76f3f2b09a,Psychologische zorg,424.21,2025-02-06,Goedgekeurd
75902,61bac09a-b630-4bae-92c3-44f9e9cf208f,Fysiotherapie,141.38,2024-09-23,In behandeling
24030,07b93c28-d5d1-497e-8df2-39814cc72eee,Tandarts,311.73,2024-04-25,Afgewezen
87585,9fa44043-b1e3-4ac3-b386-61225a86bcf3,Psychologische zorg,88.07,2024-10-09,In behandeling
34007,688d35b0-50d5-4055-9f6a-47bbb766c3f6,Psychologische zorg,314.98,2024-06-11,In behandeling
31548,168b8774-f437-4354-bfd4-b84d1d05cf8b,Psychologische zorg,238.52,2024-07-10,Goedgekeurd
43202,7c4146a6-c351-46fc-935a-901c03de5b75,Tandarts,494.74,2024-07-06,Afgewezen
31742,d2cbac3d-4056-41a8-97d7-9c13dd80fba1,Huisarts,177.35,2024-08-26,In behandeling
22022,ac06dd85-b16a-4445-b7b3-d0c0a5173d7c,Psychologische zorg,437.41,2024-04-10,In behandeling
71806,34ff1c85-0400-4fa0-ad8a-899cdda25522,Tandarts,90.73,2024-08-22,Afgewezen
63215,7358ec55-41ba-4b95-a5f0-645764a1b55a,Fysiotherapie,38.93,2024-04-24,In behandeling
20520,e2564d6a-e071-41b3-8f0f-96e6abf92548,Fysiotherapie,361.34,2024-05-07,In behandeling
24001,2a5636fe-23e1-44fe-a82a-0e6994245c46,Ziekenhuisopname,397.75,2025-02-08,Afgewezen
17606,acfa99ac-9e61-43f6-81e3-3e10bf78cb0c,Ziekenhuisopname,468.68,2024-11-23,Afgewezen
80815,6822ecb0-f6f5-4731-85fa-3f2251823245,Psychologische zorg,363.76,2024-08-11,Goedgekeurd
40926,b209c1bb-63ca-4be8-a4f7-92c67b32e953,Fysiotherapie,324.47,2024-11-25,In behandeling
43762,524753ba-a65f-4a18-8038-b194091fd074,Ziekenhuisopname,294.18,2024-03-21,In behandeling
78799,af9bc2c3-f843-4b4d-8e6c-b1c1541da8e6,Medicatie,109.84,2024-05-08,Afgewezen
11113,70e6647a-4da4-41fb-8f44-09e3c846e2a1,Medicatie,288.52,2024-12-19,Afgewezen
91484,0ea11c9a-f639-4d7d-92ef-19b65b9e6524,Medicatie,35.88,2024-12-12,In behandeling
63710,f8ba6092-67d3-4b27-a72f-7a103131895c,Psychologische zorg,385.67,2024-11-07,In behandeling
82518,f97a6230-1a27-4639-b02d-7c7bc2692e9b,Medicatie,58.27,2024-08-11,Afgewezen
58725,fd55045b-c050-4ba9-9843-2c21f6648338,Fysiotherapie,295.14,2024-08-27,In behandeling
79110,7f759794-13e0-472a-9ffd-f43838fefea2,Tandarts,306.96,2024-10-05,Afgewezen
20018,fc9835b3-3c41-46d4-82a2-00c98739baaf,Huisarts,436.99,2024-03-24,Afgewezen
98746,60fee0c8-5724-4907-b43e-51287f78297e,Ziekenhuisopname,56.94,2025-02-02,Goedgekeurd
93240,7249b105-2b30-43d8-ab7e-e5ec7f95bb72,Psychologische zorg,206.22,2024-11-22,Afgewezen
48122,58ece566-8a7f-4475-84b5-85428be446f3,Huisarts,420.75,2024-04-13,Afgewezen
22691,d1ea741a-0195-4d17-b40d-b081ad154c64,Huisarts,148.97,2025-02-28,In behandeling
58888,557e5ff2-e5d7-4422-8316-744c330aa8e2,Ziekenhuisopname,132.49,2024-04-16,Afgewezen
96275,0b65a63e-6f67-4984-be04-d97718366515,Psychologische zorg,460.9,2024-12-08,In behandeling
12989,f68cc0ee-cfd2-45b2-baeb-c0efd6945a7e,Medicatie,404.26,2024-11-14,In behandeling
18431,7041f0b5-cec9-45c2-ba4a-da7ecff9dadf,Huisarts,313.16,2024-11-02,Afgewezen
24086,7625f7db-0af1-4d14-8b4b-decd6cacf1e2,Tandarts,25.55,2024-05-13,In behandeling
95394,e616405a-4450-4cdb-96a7-2114fc8327c5,Huisarts,77.72,2024-07-03,Goedgekeurd
42441,f3447d1e-e01b-4186-8beb-6df780b2ca52,Medicatie,307.55,2025-01-13,In behandeling
25602,c9d0d506-9348-45b6-9cc7-df60a453074f,Psychologische zorg,261.97,2024-05-12,In behandeling
99830,8620fef6-e0b8-46c8-8f5c-ed9ee21a609b,Ziekenhuisopname,240.04,2024-03-28,Afgewezen
35710,30143a08-6dc5-4430-848c-dc0787eadcf6,Tandarts,312.6,2024-09-03,Afgewezen
70126,7ac3a877-1f44-42db-b57c-1b22bccc23e1,Fysiotherapie,315.99,2024-12-21,Afgewezen
17908,a6561632-c3b0-4e23-8994-76b1f7b36f11,Fysiotherapie,143.44,2024-07-10,Afgewezen
74642,be36f949-1538-4c9c-ac7d-b94c477ed9b0,Huisarts,268.04,2024-09-12,Goedgekeurd
79685,f58616bf-ae5a-44d3-97e0-53a558ff172a,Fysiotherapie,345.51,2024-03-06,In behandeling
67750,e1106bfc-9230-4817-b971-cfe55e42e480,Tandarts,188.7,2025-01-07,Goedgekeurd
32075,b8eb0067-f5e8-445d-b385-85d3530d318a,Tandarts,436.87,2025-01-21,In behandeling
89710,01ae1dcb-3722-47b0-b3f7-df75c9254819,Ziekenhuisopname,55.09,2024-04-10,Goedgekeurd
25487,15d2994e-4d77-481f-aa04-41021e43a330,Ziekenhuisopname,28.23,2024-05-10,Goedgekeurd
80754,cdf78828-62c1-417d-9d4c-ec4be30d9627,Tandarts,136.3,2024-12-24,In behandeling
23651,1923fff3-e4d4-427d-b4da-9f71431b0318,Huisarts,132.32,2024-10-14,Afgewezen
97275,41607659-3038-4480-add0-bca002689b1e,Psychologische zorg,40.74,2024-08-21,Afgewezen
89990,e557195d-72b0-42a8-b786-84e25d001daa,Ziekenhuisopname,430.58,2024-09-12,Goedgekeurd
97588,a3d04ce5-5bc8-446b-89fc-becda5751b13,Huisarts,486.96,2024-12-19,In behandeling
95707,ef1d6441-8ad9-4e04-8c08-8a8776f3cc90,Fysiotherapie,336.67,2024-05-07,In behandeling
69326,fb35721d-bd7e-4da5-92f2-dfa4315250e4,Medicatie,473.28,2024-09-09,Goedgekeurd
99197,844f52ec-0477-4320-85e1-895570e0de8d,Medicatie,381.3,2024-03-21,In behandeling
33999,95dbff4b-05bb-4f68-881d-b328e95dad50,Tandarts,378.43,2024-11-18,Afgewezen
55668,ac6db64b-d5e3-46a6-89ae-905cfab4ef52,Tandarts,384.45,2025-01-15,Afgewezen
98278,80df0f73-c2c2-4880-8033-4c0218d3c831,Tandarts,115.32,2024-11-28,Goedgekeurd
28881,f1329f45-1264-4040-b468-1087e6047f86,Medicatie,467.18,2025-01-12,In behandeling
75900,fd7ae3ca-d7bc-4482-b071-36d3bd319dbf,Tandarts,445.09,2024-05-10,Goedgekeurd
57903,de9a2282-189e-4af7-8c95-3190ef5128fb,Fysiotherapie,154.21,2024-06-10,Goedgekeurd
33307,82c12839-eaff-4ac7-9712-9a3095fb6968,Fysiotherapie,399.76,2024-03-25,Goedgekeurd
96342,80c5fdfc-bcc2-4400-b159-d6e45b983d20,Psychologische zorg,406.72,2024-08-05,Goedgekeurd
37243,6bb965c5-62be-4895-b149-808b335c483a,Ziekenhuisopname,137.32,2025-01-31,Afgewezen
86267,d3edd046-751e-460e-a61e-1791c1db2692,Tandarts,292.56,2024-10-15,Goedgekeurd
62758,4a725821-575e-4b5e-a805-688b187af7d6,Huisarts,85.79,2024-03-19,Goedgekeurd
60460,2760cd16-d7f5-4d4f-aeef-cbfc240cf6f5,Huisarts,171.29,2024-12-14,Goedgekeurd
34922,9ebaa9b6-ba88-4faa-bdbd-6ab153eddbe7,Ziekenhuisopname,12.62,2024-10-21,In behandeling
21320,c9bdc0d0-e1d8-4df6-943f-b4c744be0fb4,Psychologische zorg,243.39,2024-08-24,Goedgekeurd
56730,0557b448-47f9-400b-9fa9-178462753c57,Fysiotherapie,34.27,2024-03-07,In behandeling
69202,a05e3455-7e65-4b52-9ee7-61ea629e2b58,Tandarts,108.91,2024-10-21,Goedgekeurd
30194,45c45f23-cfac-40b2-95ab-2cfdf4f82f33,Psychologische zorg,62.05,2024-05-22,Goedgekeurd
39373,3787fcee-90af-4d04-ae1a-28226788d6f7,Fysiotherapie,491.11,2024-05-25,Goedgekeurd
30507,1449d7cc-a18a-4607-9b7e-ac0e69be3494,Medicatie,418.75,2024-03-28,In behandeling
77141,50f087e6-1196-4cb9-89b6-a1a61903f36b,Tandarts,242.36,2025-02-17,Goedgekeurd
54477,f48bcc45-a68d-44fc-86f0-d17a9de8c9c6,Medicatie,499.48,2024-03-08,Afgewezen
49881,31e17ad4-1fa9-4c5c-9d99-1740b01ac950,Tandarts,426.25,2025-01-07,Afgewezen
36200,a956b2d2-e51f-4def-97b4-c3267776d2a7,Fysiotherapie,184.82,2024-07-24,Goedgekeurd
38973,b582d17c-2f86-4942-bd86-6503c5cfcd65,Medicatie,308.58,2024-11-24,Afgewezen
41446,ae440197-2e45-4bd3-b1dd-b40c8e562343,Tandarts,243.76,2024-07-07,Afgewezen
43253,a4009ffe-c8c2-45ca-9d2f-163ff28b271c,Fysiotherapie,207.68,2024-11-22,Goedgekeurd
63787,83e5a507-46ff-41ca-af5b-759916e4e5a5,Tandarts,316.03,2024-03-28,Goedgekeurd
77185,cdda8337-ddd8-4414-9a00-fef30cb2400e,Medicatie,12.27,2024-09-21,Afgewezen
10410,3229e773-cd3a-4b3c-b912-c24018471605,Ziekenhuisopname,157.03,2024-09-04,Afgewezen
11687,cecd2ffc-370d-4c54-9f8f-f58de33143e4,Tandarts,488.23,2024-03-19,In behandeling
18568,d369ad09-b11b-414f-9479-5189a95a96eb,Fysiotherapie,92.08,2024-09-06,Goedgekeurd
29589,06dfe286-7e1d-4370-97dd-5405ae8841d7,Medicatie,290.74,2025-02-06,In behandeling
16337,22c0e594-7955-4832-9bcb-8ce53c5075b8,Huisarts,217.7,2024-05-22,Goedgekeurd
62831,1dda6856-0ade-479d-86a6-5a4824fef340,Ziekenhuisopname,80.54,2024-04-19,Goedgekeurd
47919,ebfbe6f0-3a38-4ab0-9c5d-c257547d1e65,Huisarts,297.46,2024-04-26,Goedgekeurd
93662,5678299c-1789-41dc-85a8-36e9b6d3ad3e,Fysiotherapie,406.41,2024-10-10,In behandeling
82549,7b12914f-8e90-4cd2-8934-59ab7ec0f7d7,Ziekenhuisopname,124.87,2024-10-03,Afgewezen
36722,89ecf400-51d1-4722-a628-74d5fec6f5b8,Psychologische zorg,411.25,2025-01-06,Afgewezen
63311,1323b341-52f4-40ee-80ab-ab09e9663cd6,Medicatie,31.71,2024-07-19,Afgewezen
11375,22db0500-626e-4919-9456-24fb608a2547,Ziekenhuisopname,451.7,2024-05-14,Afgewezen
66363,b5f4e85c-7a7a-40f6-b24e-766173e2db17,Fysiotherapie,257.95,2024-04-15,Goedgekeurd
92986,29360d21-740f-460e-a2ca-620ea7cb4653,Ziekenhuisopname,26.31,2024-06-14,Goedgekeurd
27271,fc1dd62c-f683-46e8-8792-6bfe339179a1,Psychologische zorg,143.07,2024-11-29,Goedgekeurd
75279,3d2a6069-2eed-44c6-a758-ec2d5ef68f45,Huisarts,309.13,2025-01-18,In behandeling
71916,0db29d34-02cb-4763-9b27-de796ecdec3b,Ziekenhuisopname,36.12,2024-04-06,Afgewezen
46471,ecf267fa-cd39-4feb-9a91-63bf090bdc16,Psychologische zorg,223.92,2024-09-02,Afgewezen
93284,c7ff1c8e-4076-456e-b988-e6c5643dc201,Tandarts,28.81,2025-03-02,Goedgekeurd
32888,de2d1759-0e7e-4119-96bd-d0a61393e5a9,Ziekenhuisopname,42.0,2024-06-26,In behandeling
72593,c3233e72-0da4-4d07-b858-8906846b393e,Medicatie,247.33,2024-08-07,Afgewezen
13105,46bcb74f-3737-4494-9a4c-8716bd638825,Fysiotherapie,56.04,2024-05-01,Afgewezen
66958,80263c1d-bf3d-4e45-98e1-868772c2f9ff,Fysiotherapie,36.97,2024-06-07,In behandeling
17684,e2d79aaa-4c83-44d3-bc85-c30507c7b7bf,Huisarts,217.69,2024-04-24,In behandeling
44668,5b8a37e0-8f29-4f52-bd8b-18fe82ea6061,Medicatie,196.38,2024-05-25,In behandeling
21478,62324566-ae7a-4312-985f-9df8a7345977,Psychologische zorg,331.05,2024-05-08,In behandeling
26872,81e4028b-1571-498c-a29c-6f58d159834a,Tandarts,65.87,2024-12-29,Afgewezen
28344,f6c1eee0-d67f-4005-b1cb-a9b4e5d48da2,Fysiotherapie,210.41,2024-05-14,Goedgekeurd
99217,3055f733-5d06-4f58-a47f-1fbc6ec665e7,Psychologische zorg,456.83,2025-01-05,Afgewezen
70370,186335e0-3d5b-40f7-b8a6-fd4a1817b05c,Medicatie,357.69,2025-01-19,In behandeling
76696,034fb885-a28f-4a21-9cba-dc408394de69,Huisarts,323.39,2024-11-29,In behandeling
58558,16f82c8f-0cc5-416c-a3dc-cf58d56b4fe5,Medicatie,348.06,2024-11-20,In behandeling
54167,ec585d82-4cbd-4159-bc2d-1a6d190cbd51,Fysiotherapie,170.1,2024-03-31,Goedgekeurd
86475,c20309ab-8120-43cc-9a73-d4613b1f8967,Ziekenhuisopname,491.25,2024-10-19,Afgewezen
30465,73fd2fc9-e0ee-4fb2-9ce5-47047fb4981b,Ziekenhuisopname,200.38,2024-05-20,Afgewezen
71035,ff298855-326f-4d7f-a6e7-33f248dbb643,Fysiotherapie,317.6,2024-05-23,Goedgekeurd
28404,23074401-1216-4401-b159-5570993d82b2,Ziekenhuisopname,203.72,2024-08-25,In behandeling
73935,36f7201d-2f2a-4dff-8afd-abc748456221,Medicatie,358.38,2024-06-18,Afgewezen
75559,0815fb8e-737d-4c96-8c79-7e8caa9ec875,Huisarts,13.31,2025-03-03,Goedgekeurd
42274,58418058-0ba0-4bf4-b478-937105a62034,Psychologische zorg,179.29,2024-11-07,In behandeling
47370,3380ed0d-a4e3-4ff9-8da7-fc9ff2bddb67,Fysiotherapie,96.94,2024-03-15,In behandeling
53026,6ef6cef4-51a6-41f1-b501-1c3738331542,Ziekenhuisopname,253.77,2024-08-24,In behandeling
41681,e2fe8c22-9240-4603-ac8d-e30b2f336a6d,Huisarts,353.13,2024-07-07,Goedgekeurd
89929,fa5479bc-3d3a-4807-b81d-d5f57a7fbce8,Psychologische zorg,244.14,2024-08-01,Goedgekeurd
52295,92425028-4099-491b-8f40-b6dd259043ab,Fysiotherapie,219.44,2024-12-30,In behandeling
89077,4d4b8ae0-8efe-4eab-af29-011f8f782890,Tandarts,346.9,2024-06-15,Afgewezen
19612,0eb8b27e-7435-4ba8-8ba0-bc18fdff4261,Huisarts,375.84,2025-01-29,Goedgekeurd
50694,c46eac2d-2c15-4dab-904b-178c680c82ff,Psychologische zorg,248.83,2024-04-17,In behandeling
13702,1fb86b81-c873-4805-9d64-1d148e677e30,Tandarts,157.74,2024-11-02,Afgewezen
49990,89bccf57-6a0e-4b4f-9b9f-f682253629ba,Medicatie,218.96,2024-11-28,Afgewezen
19701,ddc0b288-41ab-4091-b0f7-4cca9c39253a,Psychologische zorg,350.43,2025-03-01,In behandeling
71102,820cc6c9-da8d-4c7f-a519-a9606e446be0,Fysiotherapie,25.92,2024-11-11,Afgewezen
35593,e586a2cf-a131-476d-9c96-ffdd98d17495,Huisarts,114.34,2024-07-21,Goedgekeurd
70896,bd964103-4546-4686-a283-8245933c8100,Tandarts,180.26,2024-04-30,Afgewezen
74059,895f5a1c-b051-47df-85a5-999287cfe4eb,Psychologische zorg,493.04,2024-10-07,Goedgekeurd
84107,145832fe-e7d1-4842-b070-552d3a29e8f1,Fysiotherapie,78.22,2024-08-19,Afgewezen
85458,6a46a0db-00bf-4247-8417-bd10c7056eee,Huisarts,475.98,2024-11-19,Afgewezen
79896,6d743d90-4759-4bea-bd6f-16870174c137,Tandarts,125.29,2024-10-04,Goedgekeurd
77184,e28a07ea-b838-4ab2-9fb9-4af1eff87d1b,Ziekenhuisopname,272.01,2024-11-17,Goedgekeurd
56045,281d84e9-9da9-460b-8fe7-0ee001089144,Medicatie,498.72,2024-03-14,In behandeling
61414,a5b34f07-7413-4762-8989-e02a299c1680,Tandarts,181.28,2024-09-06,Goedgekeurd
57436,445d3ae8-1d7b-41d8-bb83-eff03f2902a8,Psychologische zorg,88.66,2024-09-17,In behandeling
26280,cca7a539-70cb-4fdc-b43a-c0139971e993,Huisarts,498.03,2025-01-11,Goedgekeurd
61860,9bee0eca-5d36-4ce5-b848-dc948815b750,Tandarts,375.61,2025-01-06,Afgewezen
92029,a940595e-ed22-4737-b84e-f82663171839,Psychologische zorg,440.57,2024-10-13,Afgewezen
61507,584ea37c-2e99-41e4-b12e-62b701dd3ed2,Medicatie,387.41,2024-04-21,Goedgekeurd
25445,9eb02d26-0d6a-4b6f-bd9d-c2ba86c02f0f,Psychologische zorg,440.97,2024-05-06,Afgewezen
59937,d10c3857-19e0-4208-98cc-8f404bb018f6,Tandarts,86.98,2024-06-19,Goedgekeurd
40104,04a82117-0519-42fe-80d1-2f9393a439b7,Ziekenhuisopname,315.71,2024-05-26,Goedgekeurd
52949,e3fd58ea-4099-4d89-865a-5586be374d5a,Tandarts,368.69,2024-08-19,In behandeling
83895,6bd3938d-3566-44ec-9144-3dd2f68b7dd2,Ziekenhuisopname,168.58,2024-11-02,Goedgekeurd
89726,7006d1f6-6a80-4459-8860-50005fe0f9cb,Psychologische zorg,139.75,2025-01-09,In behandeling
15622,2f2d3941-5603-46f1-bc5f-acd5c1021017,Huisarts,345.75,2024-12-11,In behandeling
82488,fd26710d-f309-45db-9840-955f24425416,Medicatie,348.12,2024-04-07,In behandeling
36873,499e9624-8c3f-406e-af3f-bf90de48d9be,Medicatie,135.67,2025-02-06,Goedgekeurd
38134,bffa2814-e7ad-45f2-a309-bb4e5f9f83b3,Medicatie,42.0,2024-11-13,Afgewezen
67641,260bf193-2bfd-4088-ab19-9ebbc05edd04,Medicatie,69.34,2024-04-19,Afgewezen
22104,b6e4b5ac-6744-4636-aa82-52a3a6f97789,Medicatie,333.49,2024-03-19,Goedgekeurd
62861,89397d36-4056-459f-9b39-e9d5eeca60e9,Huisarts,30.05,2024-03-22,In behandeling
92816,69352d0a-88b5-4dd6-96ad-7986b1f42005,Ziekenhuisopname,317.95,2024-10-19,Afgewezen
52085,e3c453da-50a6-40cb-a6f2-48e1d6eb4ead,Ziekenhuisopname,217.83,2025-01-01,Goedgekeurd
10921,0c200a42-4bde-4f56-a087-e5f6b3ee3bad,Psychologische zorg,222.63,2024-03-19,Goedgekeurd
64230,c98a213c-7f4e-4009-879b-91b3b0dd681e,Ziekenhuisopname,112.98,2024-08-25,In behandeling
78884,83846edb-674e-48e4-8abd-6bbd0f57ec27,Medicatie,289.74,2024-08-27,Goedgekeurd
71220,f85a4f68-4dc4-4fcb-bcbe-cac741bf16e5,Tandarts,270.4,2025-02-12,In behandeling
69120,c5efd159-698a-4348-ad4c-d51ad14a8502,Medicatie,138.02,2024-12-25,In behandeling
25221,8ab162d9-b591-4f6e-8b6b-d65079d1f8db,Fysiotherapie,27.85,2025-01-20,Afgewezen
61743,83308d87-5566-4c14-bff4-6aefcb10f944,Tandarts,134.51,2024-04-17,In behandeling
89411,5e0def7a-e6b2-4a3e-9b1a-45b042f234ed,Ziekenhuisopname,178.92,2024-05-10,Afgewezen
23890,ce7a147c-f01c-4b79-99c7-09cfbc40e373,Ziekenhuisopname,259.58,2024-10-23,Goedgekeurd
77538,bd1358b5-00ab-4788-99b0-89b0ccc1aace,Ziekenhuisopname,389.89,2024-12-26,Goedgekeurd
12669,b6821415-fc93-46ae-bada-3017266e1d4b,Ziekenhuisopname,389.0,2024-04-22,Goedgekeurd
41169,34f2b35a-1197-4fa6-b363-bcbd24091c49,Tandarts,303.86,2024-06-26,Goedgekeurd
50253,7ce53819-f9b2-4b15-af13-7ebacf80f173,Fysiotherapie,286.6,2024-12-27,Goedgekeurd
21363,23f16ece-4cff-4ffb-b186-6af2805507ad,Tandarts,268.51,2024-08-20,In behandeling
12736,87ee274a-9586-4c6e-b459-9e7d5dd9fb5e,Ziekenhuisopname,90.2,2024-03-30,In behandeling
47914,bd8e3287-53fd-4c66-a2aa-4fc8b631f64b,Huisarts,108.73,2024-05-13,Goedgekeurd
53298,35fdbb0f-7fae-439f-9897-4f0925016a06,Tandarts,185.36,2024-10-19,Afgewezen
18724,57712631-5995-42a3-ab9a-3798dca2666d,Psychologische zorg,366.16,2025-01-03,Afgewezen
52839,125905fa-0ee5-4240-9fe7-2c4d2f405ddd,Ziekenhuisopname,445.03,2024-11-04,Afgewezen
63718,0893207e-1299-4d86-8dab-d9c7317a49d8,Tandarts,36.05,2024-09-25,Afgewezen
53980,82755e71-b504-4c5a-bf39-1a89373094a7,Medicatie,270.96,2024-08-20,Afgewezen
88983,a42852de-1538-40aa-b062-9f3c314e3b4b,Medicatie,206.8,2024-07-14,In behandeling
38393,6aa63e57-8d05-4907-a3d8-ee5ce2080080,Tandarts,444.56,2024-09-21,Afgewezen
32860,d53174d3-dd32-4ad3-9cc9-b18342f4811b,Huisarts,93.79,2024-11-27,In behandeling
29004,78c1bb48-adf9-4ec9-a799-12d72f153179,Psychologische zorg,437.51,2024-12-31,Afgewezen
49208,c2f6643f-cd18-4b5e-a1df-9d982280dc87,Psychologische zorg,424.41,2024-10-25,Afgewezen
66968,304e3a53-1bdc-4252-9c73-d126aeb417a2,Psychologische zorg,22.7,2024-12-17,Goedgekeurd
28423,8e668a55-03e0-4473-ae7b-b0cd195e30de,Ziekenhuisopname,442.91,2024-12-07,Afgewezen
76817,82468705-72bf-44fc-a21e-4800d9698b90,Medicatie,268.21,2024-04-17,In behandeling
22211,a39153b3-13c6-450e-a180-aabf49633345,Fysiotherapie,413.19,2024-04-03,Afgewezen
72568,e520beb0-6516-410c-a09b-1995037b370a,Huisarts,78.41,2024-11-22,In behandeling
19739,f85c83ab-ae11-4083-875c-40831bb3d346,Medicatie,340.38,2025-02-09,Goedgekeurd
83318,940b3930-d3b7-4a9a-9612-78c04b5526db,Medicatie,363.01,2024-10-11,In behandeling
18215,cdcc1dab-d888-436b-b4d8-85a0e83d35fb,Fysiotherapie,303.08,2024-07-20,Goedgekeurd
46756,dc52ab8e-278b-4de7-803a-bee2e442b07a,Fysiotherapie,469.48,2024-05-13,In behandeling
93892,d877bcc6-dcf7-4e8c-8253-af48fd3612b8,Medicatie,112.14,2024-05-07,Goedgekeurd
20047,5687650c-5725-40c8-ab66-3ee87d8871ac,Ziekenhuisopname,470.03,2024-05-19,Afgewezen
29167,d4dbe502-8616-421f-8d6b-e1758ddcba5f,Tandarts,297.04,2024-04-05,In behandeling
72216,c550c187-1d9c-4134-8719-a39f2d1c8511,Medicatie,473.79,2024-10-15,In behandeling
73246,2ea5b687-4aa6-4458-b951-18ad3497434b,Huisarts,129.19,2024-12-04,Afgewezen
27853,96b1b2b9-8452-449a-ac78-ca2f95164ad5,Ziekenhuisopname,433.41,2024-11-24,In behandeling
24682,1b6298e0-25a5-4000-8253-7efc3d964147,Ziekenhuisopname,488.87,2024-12-09,Goedgekeurd
24792,eddfda37-7215-4182-9c2e-309e88485dab,Ziekenhuisopname,253.79,2024-10-04,Goedgekeurd
63325,44bb688a-001e-4689-8c3f-0b6953c53d6e,Ziekenhuisopname,33.01,2024-07-03,In behandeling
64178,cb59f5b8-8684-4d9d-852e-a7f71f8957b7,Medicatie,412.39,2024-10-25,Goedgekeurd
31338,24ec7cf1-3e23-497c-93c2-a7860bcb107a,Fysiotherapie,115.99,2025-02-21,Afgewezen
81503,071f949d-9a4f-46b5-8171-342652e1a8e2,Ziekenhuisopname,114.13,2024-06-01,Goedgekeurd
25053,81a2ae23-8b16-430b-94cf-c945074d53e7,Fysiotherapie,384.66,2025-02-01,In behandeling
59493,768dd561-64e5-4d58-aefd-3b7d0f511890,Medicatie,412.48,2025-01-13,Afgewezen
95585,a62e20b0-1bc3-4dd5-89f3-3fb4a7321623,Huisarts,399.87,2025-02-04,In behandeling
47214,2a6141e3-9fa4-4d61-8429-2d74ff41350d,Psychologische zorg,352.02,2024-03-24,Afgewezen
55398,ba8db920-816e-4b56-8d6d-ab3696622312,Medicatie,50.37,2024-08-06,In behandeling
51079,feda960f-4c72-49e7-8bdb-a4458f71a0e8,Ziekenhuisopname,476.68,2024-07-03,Goedgekeurd
17125,d1d0fd87-c22b-4b8b-9525-aa3d884806b3,Tandarts,77.38,2025-02-23,Afgewezen
51842,9ad436fb-ef30-45e8-a635-f37356324401,Fysiotherapie,14.1,2024-03-20,Afgewezen
63997,8c258a82-510d-488a-ab8a-c60bcc356b7a,Psychologische zorg,226.65,2024-07-11,Goedgekeurd
58330,2b43b570-a9f8-413b-8dca-f8245b2e7384,Fysiotherapie,139.5,2024-03-17,Afgewezen
49301,9bd5445c-3584-424b-88bf-26c4719063b7,Medicatie,386.59,2024-06-02,Afgewezen
27824,b8867b1b-43bc-472c-9769-319bca58a7e1,Ziekenhuisopname,45.55,2025-01-23,In behandeling
54484,0a326d8a-0525-4121-9a21-40b55bbd68bd,Fysiotherapie,311.83,2024-08-03,Goedgekeurd
86339,7291633a-1c68-48cf-8d29-9e69ae237182,Medicatie,466.51,2024-08-24,Goedgekeurd
68069,ab141774-688a-480d-9c92-16fa380406eb,Huisarts,363.61,2024-05-06,Goedgekeurd
83420,1917b66b-f980-4fb8-a550-69b7f569bf45,Fysiotherapie,136.9,2024-07-02,Afgewezen
68242,fc1357fa-fde8-4497-be45-f2b9c0bf8b80,Ziekenhuisopname,190.65,2024-11-01,Afgewezen
98866,bc52a65a-d437-4479-9888-b1c8a0d7b138,Ziekenhuisopname,29.96,2024-12-26,Goedgekeurd
87048,314c5793-56e9-4083-950e-96c3767de483,Tandarts,63.84,2024-03-17,In behandeling
48914,26898d09-0a24-484a-9a9b-df43598e5c27,Tandarts,352.81,2024-06-21,In behandeling
32415,9ab2d2a2-23d2-4a85-8ccf-afe82e0d245d,Medicatie,401.07,2025-01-11,Goedgekeurd
62001,68bd9c01-1fc6-4d06-96ed-b28c9bb8f628,Medicatie,349.01,2024-12-23,Goedgekeurd
97215,ac26f909-e780-43af-ad11-c3f2542a5b0b,Huisarts,318.4,2024-12-29,Goedgekeurd
78284,b3f9e423-35e4-45dd-a599-cc63d53ca8cb,Ziekenhuisopname,225.64,2024-09-11,Afgewezen
88249,a1707076-6b89-4ddf-9d36-281e0d5a3114,Huisarts,200.14,2025-01-27,In behandeling
60111,ff3bd09e-66f6-4b79-840f-dc1f124359b2,Medicatie,84.12,2024-03-06,Afgewezen
49786,61edd88b-205f-42bc-ae4b-9460b1d98e73,Tandarts,433.82,2025-02-01,Afgewezen
64695,1160fde7-1fec-4114-b9a6-52c31c4a24d9,Fysiotherapie,81.15,2025-01-09,Afgewezen
13158,9e23718f-a9c9-41d8-8326-d229f5df782d,Medicatie,358.32,2024-05-20,Goedgekeurd
65311,508699cc-15e2-4777-99aa-f98844fa6549,Huisarts,169.38,2024-10-24,Afgewezen
97864,76c3851d-c1e6-4440-b677-a086aee937c0,Huisarts,326.85,2024-05-21,In behandeling
56913,13b76a54-d0c8-40f9-a74f-d718c5d854a3,Ziekenhuisopname,419.04,2025-01-15,Afgewezen
99297,ad6ee2c8-6c4a-45fa-a04b-525228bfb0c2,Ziekenhuisopname,241.99,2024-12-22,Afgewezen
29559,a8026e1f-2d9e-4fc5-9115-15ba011c753b,Fysiotherapie,206.33,2024-11-13,In behandeling
26695,f85c5139-7c3e-4668-89c3-bbef2e3a5da5,Fysiotherapie,484.62,2024-04-12,Goedgekeurd
75098,dba836c7-1567-4e99-990c-5499915ba021,Ziekenhuisopname,275.63,2025-01-15,Goedgekeurd
41007,d296d9db-ae63-47f1-8bcc-2c53ae8410c6,Psychologische zorg,192.39,2024-04-19,In behandeling
23192,b05042ee-c4e6-4403-ba1a-399b9ef46e9a,Tandarts,68.32,2024-12-19,Afgewezen
49842,76e0a0ca-d4cc-4f37-99da-954843ad84f3,Tandarts,343.1,2024-08-29,In behandeling
31978,42c64898-fe07-4365-9cc1-d4b23b31a1ad,Tandarts,71.29,2024-06-17,In behandeling
27029,678b903c-fd80-4a98-952f-b9b0bdd63dc9,Ziekenhuisopname,164.29,2025-01-28,Goedgekeurd
21002,102def5e-2134-4d5a-95f0-7a7cd9436b97,Medicatie,379.28,2024-11-29,Afgewezen
61162,cf5222da-fa16-4c0d-bf96-d6814a2c2bcf,Fysiotherapie,49.3,2024-03-05,In behandeling
26387,7143fcb5-c60c-4653-8e85-da539f73db09,Huisarts,132.75,2024-09-05,Afgewezen
73344,bffd681d-68d4-46e6-9385-b9e6eb7b3d5d,Psychologische zorg,89.11,2024-12-11,Goedgekeurd
84311,49fabf1b-3369-4483-9878-6981c04af3c2,Medicatie,343.6,2024-11-22,Goedgekeurd
39183,5fbacef0-7907-486d-85f1-9c831946ca82,Tandarts,23.05,2025-02-11,In behandeling
12066,cbc647cb-8559-4ba1-a3b7-5c3a19a85ecd,Huisarts,129.42,2024-10-11,In behandeling
95094,ea16815c-a82a-40ef-be51-ff357845efac,Ziekenhuisopname,293.06,2024-06-22,Afgewezen
92167,f7d99654-7840-426b-983b-86f8f2565c69,Huisarts,495.97,2024-05-27,Afgewezen
46651,ec523eb1-3133-4ff9-a5ac-0a1848231e4b,Ziekenhuisopname,142.55,2024-12-28,Afgewezen
56285,c9293327-fb4a-40d6-bec1-76778b2a5e16,Medicatie,414.86,2024-12-02,In behandeling
25236,588f91db-2b9a-4bfb-ac44-ab550792d1f5,Tandarts,94.55,2024-08-27,Goedgekeurd
35143,15d28755-c776-4a72-b1c3-5c3f07e6f340,Ziekenhuisopname,199.0,2024-05-12,In behandeling
40035,ffa7949c-e66c-4cd2-9d38-268c48167599,Huisarts,103.26,2024-10-20,In behandeling
97961,0c4d8a08-7917-4421-96f9-74b264579753,Tandarts,457.43,2024-09-26,Afgewezen
60746,a9c1f8de-cbd2-45ce-a233-3528ab4fdf05,Fysiotherapie,217.33,2025-01-17,In behandeling
65761,b93da1e0-a01c-429c-8b49-ed50e5d72e42,Ziekenhuisopname,223.17,2024-07-27,Afgewezen
42751,b933d931-6fe3-4289-a1db-8c061892e984,Psychologische zorg,372.64,2024-10-30,Afgewezen
74173,aaf5ef8e-23a9-40d6-8bcc-0d96abeedc47,Huisarts,470.69,2024-08-06,In behandeling
45690,2562a6ee-c311-427d-a1eb-fc159f463ffc,Ziekenhuisopname,318.06,2024-04-28,Afgewezen
54800,137d9b12-74a1-44cb-b478-5fb2630f0cad,Psychologische zorg,228.18,2024-03-31,In behandeling
18331,73994009-1a08-48ab-979d-34f986176948,Ziekenhuisopname,101.61,2024-04-20,In behandeling
26273,4b13d950-4cd3-4252-95b0-861acf41e64d,Medicatie,300.01,2024-05-12,Goedgekeurd
21797,d57fca2d-0f17-467b-86c6-fd9c5ed82c0f,Fysiotherapie,404.03,2024-07-13,Afgewezen
91978,966774a7-5776-4355-bc55-57878f6b20b5,Psychologische zorg,157.75,2025-02-16,Goedgekeurd
40033,233fbcd5-c0f0-433f-9d95-33421c632948,Huisarts,99.93,2024-11-28,Afgewezen
31963,be22df47-3e87-47c1-a747-e110bba441ce,Psychologische zorg,233.22,2024-04-12,Afgewezen
56285,deb5cbad-b8eb-4a94-8890-3dcb8d6cb955,Ziekenhuisopname,58.32,2025-01-26,Goedgekeurd
21064,f73a5342-56d3-40f4-83ca-6713d33140a7,Fysiotherapie,400.24,2024-11-12,Goedgekeurd
70124,8a47fa0b-b106-4d45-8bd4-2fe7ca5b5bc9,Fysiotherapie,179.59,2024-11-12,Afgewezen
34976,64aa35ad-57ba-4b78-a560-0f4341b8e871,Tandarts,122.69,2024-07-29,Afgewezen
91971,49a705a1-8a0d-4f00-8360-65adec55c9ba,Medicatie,212.64,2024-10-12,Goedgekeurd
32168,0d0bb377-0ac3-4beb-a603-72f619e761a7,Huisarts,179.88,2024-06-21,Afgewezen
92794,5a40b5f9-ea09-4249-97bb-83a49103c243,Ziekenhuisopname,193.49,2025-01-31,Afgewezen
15322,e6f4a567-ae5a-42d5-b714-37e1405c0448,Medicatie,436.95,2025-02-02,Afgewezen
92990,e129303f-2738-4de4-bc85-6168b4af0800,Huisarts,307.06,2024-06-02,Goedgekeurd
32713,77a58444-9b1b-4bfa-846d-d1da9bfc134f,Tandarts,498.12,2024-07-11,Afgewezen
93588,18f6be47-3b25-4b23-83f1-056d89a9cd78,Medicatie,59.39,2024-03-23,In behandeling
34951,a094b146-4bda-416c-9cb0-8440aac2b71a,Medicatie,145.87,2024-04-18,Afgewezen
19297,fe3de8c5-0dd9-42a2-a806-d833379a606b,Ziekenhuisopname,421.82,2024-09-11,Afgewezen
17492,8da3c45c-96e5-44ab-a5f7-36f3721daa10,Huisarts,86.43,2024-07-10,Afgewezen
62947,00e7aebb-69f2-490f-8efc-5f1d15932680,Medicatie,292.73,2024-10-24,Goedgekeurd
22882,a82d6432-55e0-4a2f-808e-e75b030d69cc,Fysiotherapie,111.77,2024-10-20,In behandeling
91258,9546bb20-51a3-4539-ac8e-31f2d595305e,Tandarts,420.26,2024-03-23,In behandeling
99953,dd9e3656-ce90-402e-b18a-419cabd197a1,Huisarts,33.07,2024-09-29,Goedgekeurd
58858,ea355775-6957-4cda-bec3-17c38f6a23df,Ziekenhuisopname,167.19,2024-12-24,Goedgekeurd
17451,c6cd3078-5f9c-4a6a-949d-efc46aa3db83,Ziekenhuisopname,398.57,2024-12-31,In behandeling
24533,29ca948b-e753-41b3-b37e-2925ba96127e,Fysiotherapie,298.72,2025-01-07,Goedgekeurd
64967,0d2152e5-9fc0-420b-9569-634ae0916cf9,Tandarts,477.33,2024-05-21,Goedgekeurd
42755,f96650e7-09f3-4a31-a82e-709edeaf0d80,Fysiotherapie,372.56,2024-09-08,Afgewezen
53864,1cb6b551-8a9e-40eb-8752-29705e4ec932,Psychologische zorg,447.72,2025-03-04,In behandeling
38340,62157426-8db2-4092-acd9-9c6c79720aea,Tandarts,407.44,2024-10-11,In behandeling
16533,1bff3190-b98e-4e78-9d1c-57ac75c3418c,Tandarts,358.28,2024-10-17,Afgewezen
62293,28bab054-c3f5-4ef7-a45d-2209282efa42,Ziekenhuisopname,28.82,2024-06-06,In behandeling
25166,5ff911d5-d91b-4ac7-895e-1ae314eb3cc0,Tandarts,78.03,2025-01-26,Goedgekeurd
85653,63c33d54-3fe7-4b37-b1a8-86fc9fbe4114,Ziekenhuisopname,373.57,2025-03-02,Afgewezen
72582,61a8b193-ede1-4abe-ab50-e96de4b47eba,Tandarts,130.01,2024-10-06,In behandeling
78632,97e8c301-3bc2-4f7b-bfde-d21440039db6,Medicatie,234.84,2025-01-15,Afgewezen
52846,3e83d3c1-5ecf-4cf5-949f-af9be4bd5cf9,Fysiotherapie,439.58,2025-03-03,Goedgekeurd
74242,a0b5f9b2-d006-47b8-acf6-033fc63e9c27,Tandarts,384.29,2024-07-17,In behandeling
22041,afc1c3a3-c868-43c7-b8f9-e42f32a63a5d,Fysiotherapie,151.78,2024-07-19,In behandeling
57540,fd97a07b-5b99-4b0b-a9b3-546482d607d9,Huisarts,275.97,2024-03-17,In behandeling
25629,861c9fe8-7206-4425-a24d-7a3a83e57548,Psychologische zorg,57.17,2024-03-21,Afgewezen
15213,aa089532-2caa-4b1e-9509-909fef48d1ac,Psychologische zorg,27.42,2024-07-05,In behandeling
83298,f8baf118-e049-4307-ab37-4b174ac68e37,Medicatie,82.65,2024-04-01,In behandeling
94168,05a5ca7d-736f-47e0-bf5a-63db310896f1,Fysiotherapie,299.44,2024-07-31,Afgewezen
42957,b4ab25d5-9f39-4293-941c-9de4103a46ff,Ziekenhuisopname,375.09,2024-10-26,In behandeling
70754,61bc7f7d-4848-40fa-b510-0ed9c520f266,Psychologische zorg,167.57,2024-10-17,In behandeling
15042,453cd3fb-d2c6-4ca3-8293-1611c9cc222e,Tandarts,48.83,2024-04-24,Afgewezen
73248,99788f57-0916-4c8d-9b9e-d2c0cd27391c,Tandarts,283.38,2025-02-25,In behandeling
58877,d46b6c11-a58a-4273-8af2-01803917922b,Tandarts,390.2,2024-09-21,In behandeling
31034,b49d0dca-ede8-4c08-b6ce-c3428800aa8d,Medicatie,410.12,2024-09-11,In behandeling
17312,72f62a9c-6525-49f3-b011-34f1ad81ce44,Fysiotherapie,198.86,2024-06-16,Afgewezen
14429,465ea07c-9295-4e84-9bb3-64434c2f19f0,Tandarts,286.14,2024-12-07,Goedgekeurd
27465,1ae4e3f5-bc25-4371-8efa-da05433348af,Psychologische zorg,136.95,2024-12-02,Goedgekeurd
10641,dc1ab3a8-82dc-475b-b685-7c82b807cba4,Ziekenhuisopname,253.86,2024-03-13,In behandeling
95572,9a7d2970-d008-4c53-8125-767f2052ccf4,Tandarts,428.27,2024-12-10,Afgewezen
32489,9e14a861-1d6f-4ee1-aa3a-76f581c6339c,Huisarts,285.3,2024-11-28,In behandeling
48670,42ce9b5a-903f-409e-ad09-a5a3dc3989f7,Medicatie,317.74,2025-02-18,Afgewezen
62951,dd491a9d-e82a-4566-9d74-110d7e399ba9,Psychologische zorg,83.55,2024-10-06,In behandeling
21465,9a9ff0aa-4687-4ddd-931f-14c537982e5d,Psychologische zorg,80.31,2024-09-05,Afgewezen
45030,a18d5aaa-b0ec-46a5-831b-d7641276615f,Ziekenhuisopname,126.87,2025-01-03,Afgewezen
42874,accd50fb-fff6-4b36-8bc1-b4015c0785d1,Psychologische zorg,184.01,2024-10-22,In behandeling
71964,1e9ebd37-f17b-4637-a3a3-85a760a49a9b,Tandarts,244.6,2024-06-27,In behandeling
37384,d50fd650-9b1c-4b10-9086-7064f4c5a242,Huisarts,351.03,2024-11-12,Afgewezen
39181,edf3fdbd-d17d-48ee-892b-634823fbbfbc,Psychologische zorg,404.79,2024-06-08,Afgewezen
62898,d5863ab0-98c5-43c4-a697-48e2b270a81f,Fysiotherapie,225.09,2024-04-10,In behandeling
15673,48274e80-7db1-437b-8047-9c2788d0bf77,Huisarts,32.69,2024-04-15,In behandeling
42594,f6f2e915-4de4-499d-9164-e81360a0fcbb,Ziekenhuisopname,79.37,2024-07-31,In behandeling
35086,09733f93-8b98-4e4c-8578-94aa9cdf10d4,Huisarts,160.77,2025-01-29,In behandeling
32871,4913bd7b-c1e6-4ece-ae0c-05b215aa9d64,Medicatie,244.0,2025-01-23,Goedgekeurd
87525,b4baaa6a-fd00-4caa-8347-9b0b9929a8fe,Medicatie,466.54,2024-08-30,In behandeling
56435,b396482e-d4de-4474-b894-2c7d529a4ad0,Ziekenhuisopname,269.88,2024-09-12,Goedgekeurd
94356,f1236620-7b37-4b28-aaf8-0814f6e58c9e,Medicatie,291.14,2024-08-03,In behandeling
56261,373a491d-6924-4125-b558-02ca68adb05f,Medicatie,15.68,2024-12-29,Goedgekeurd
84867,285bced4-2618-4bd3-be8b-14b16476ec0b,Huisarts,102.94,2024-03-31,Goedgekeurd
38871,ea4314c3-62ba-4ebc-a491-5deadb025e1d,Fysiotherapie,216.34,2025-01-26,Afgewezen
70768,60e227e1-970e-400c-8896-56e4d6aee736,Psychologische zorg,332.39,2024-03-22,In behandeling
99576,73adbc5a-a6f1-4c85-b8e8-f0c7eb64bee6,Huisarts,117.33,2025-01-20,Goedgekeurd
66926,b78f3ce1-1bd8-4ef2-ad27-05ed6ee66078,Fysiotherapie,74.42,2024-06-11,Goedgekeurd
98968,a9b5891a-6f78-439a-a517-7bb3612c7072,Medicatie,293.9,2024-04-13,Afgewezen
80512,1f319cce-6be5-486c-8c85-b5485fe74848,Fysiotherapie,210.54,2024-08-13,In behandeling
42051,7970288e-a222-4eb9-8995-8ac857fd68ff,Fysiotherapie,319.17,2025-01-22,Afgewezen
22049,574a5dc2-e964-4fc3-a338-ac400ba4ac24,Fysiotherapie,124.34,2024-10-30,Afgewezen
75757,e7b6e6dc-e8c2-463a-8040-e4f9c015b0f7,Tandarts,211.45,2025-02-06,In behandeling
47088,faf58989-c551-4c33-8de7-7a798bffe79f,Medicatie,325.34,2024-12-22,In behandeling
35127,71d89002-d800-4cb5-a56f-8253536d9463,Fysiotherapie,432.27,2024-12-17,Afgewezen
13487,c43873bb-97c2-4834-bf99-3fecc6b7c023,Ziekenhuisopname,419.7,2025-01-29,Afgewezen
71626,ecc4a4f4-1944-4ad7-bfc7-220adaacab8f,Ziekenhuisopname,487.2,2024-06-05,In behandeling
65600,a8405354-71bd-4adc-b85e-610f90875f8b,Fysiotherapie,19.88,2025-01-02,Goedgekeurd
38519,0c210262-9556-496b-bdd5-371f24ad34cf,Medicatie,245.9,2024-12-06,In behandeling
46659,fffbdf3c-cbd6-4ead-aad8-b756b9f3433b,Fysiotherapie,441.27,2024-03-16,Afgewezen
29755,aa022b3d-b203-416d-a158-cf96c8bc779c,Fysiotherapie,231.65,2024-10-25,Afgewezen
24563,acf05acf-308d-4fc6-be9b-8c4b95e7b8d7,Ziekenhuisopname,12.1,2024-04-06,In behandeling
35775,f9c1a686-c9bc-4f30-aa76-b93fdce06d56,Huisarts,211.64,2024-07-18,Goedgekeurd
92629,5a376471-2ab6-4642-bfef-3891fe8e2837,Tandarts,69.69,2024-04-27,Afgewezen
35263,9478c016-ba6c-4c0f-bbaa-036152b264fe,Tandarts,443.82,2025-02-17,Afgewezen
97269,164e347a-c5f4-45c5-bd58-6cd826c72ae4,Huisarts,375.0,2025-02-05,Afgewezen
79729,2e7f699b-3c9b-4938-8f9a-bb3012a18717,Fysiotherapie,275.36,2024-03-20,Goedgekeurd
58224,3e5edfe2-1214-4461-a39a-e4ececc44270,Tandarts,279.21,2025-01-13,In behandeling
11898,1a346f42-bc3e-403c-b885-dda5d75b154e,Tandarts,143.59,2024-08-14,Afgewezen
53468,b482568b-2c4f-4605-9fc9-983d9efe0a3a,Psychologische zorg,341.92,2024-03-19,Goedgekeurd
91325,2e60dde9-d24c-45bb-9a82-24e95e410443,Psychologische zorg,461.65,2024-06-06,Afgewezen
88562,35310a6d-7f8b-4162-86c4-a9802be10b7b,Fysiotherapie,126.49,2024-07-27,In behandeling
44257,5c80fca7-9e1b-4ada-bd36-af33a9f92bf5,Huisarts,114.68,2024-05-09,Goedgekeurd
92870,4ec5e1bf-cc33-4131-9514-5e5d89c0d121,Huisarts,76.74,2024-07-13,In behandeling
96798,65ebac06-92b5-432b-95f9-b610096aae10,Fysiotherapie,427.27,2024-09-03,In behandeling
70050,33df84cb-71ad-49f4-9053-4d86342377de,Medicatie,85.23,2024-08-10,Afgewezen
31845,1d82d463-28e1-4ba1-a7fd-123c7774560f,Tandarts,152.12,2024-04-04,Goedgekeurd
68955,d7ea64e3-e00d-4d42-9e8c-08718d5a7771,Medicatie,288.83,2025-02-02,Afgewezen
74102,10ea06c2-e1d1-4c5e-bb06-f92fcd93e53c,Tandarts,421.41,2024-11-16,Goedgekeurd
52976,20a9eb6b-627f-4ea3-904f-6f7e6bf9c84b,Tandarts,98.84,2024-12-01,In behandeling
29018,dc32fb5a-a7fe-40c1-96a1-ae379710fac7,Fysiotherapie,192.3,2024-03-24,In behandeling
72417,9cf73643-a327-45ae-8a88-2c4dd2abcdd1,Huisarts,122.25,2024-04-10,Goedgekeurd
97610,72be6f98-5331-439d-a99a-b548bae6dc3b,Fysiotherapie,334.24,2024-10-17,In behandeling
61020,db955838-9cba-4b7d-88f6-e62e948ae079,Ziekenhuisopname,273.68,2024-12-31,In behandeling
20902,766f8f4a-fa3a-4d9f-9712-6f756dc1265e,Fysiotherapie,432.31,2024-10-13,Goedgekeurd
63350,700c6cf5-a9de-4356-8aa8-cabc39014eab,Huisarts,293.74,2024-07-01,Afgewezen
32113,9c038502-9013-4295-99ef-4411e9aace7b,Huisarts,23.86,2024-11-10,Afgewezen
17234,3d1b2d87-87a2-4463-8fe7-c2671dff11d6,Ziekenhuisopname,110.38,2024-10-09,Afgewezen
27678,fcfe39c9-8abd-4188-9035-e94f5142ab68,Fysiotherapie,499.95,2025-01-16,In behandeling
69299,6844f04f-cd64-4101-b51b-aaee1f646e21,Huisarts,442.12,2024-03-23,Afgewezen
27086,8d219a97-29bb-4526-8aed-10b4f42cd07e,Huisarts,492.76,2024-06-08,In behandeling
86049,265a2443-8cc6-4e19-b06b-e0487992bd1a,Ziekenhuisopname,203.78,2024-08-17,Goedgekeurd
39884,5d0848e4-eb2b-4919-a76f-e1fa44b1a3c1,Fysiotherapie,88.98,2024-11-17,Afgewezen
62420,71c9d5f9-0f8d-47f1-ab9f-ce90639db869,Fysiotherapie,141.59,2024-06-29,Afgewezen
67942,3e0e86d7-0896-4c41-aa03-597006387f40,Fysiotherapie,125.95,2024-05-13,In behandeling
97679,784cb111-5c05-4c1e-84ce-e48f6f33b81c,Fysiotherapie,335.23,2024-12-20,Goedgekeurd
87704,2659246b-4361-48a3-b928-28cb89254dd3,Medicatie,217.12,2024-04-16,Afgewezen
76566,66439fca-77b4-4023-b494-e9035ea980bb,Huisarts,438.09,2024-05-01,Afgewezen
42749,6bc4d36a-5be7-40b5-b36c-d314b7185b4c,Fysiotherapie,319.75,2024-12-31,Goedgekeurd
95626,ff8b6c4f-3710-43f9-bb18-346b5105a55a,Huisarts,16.41,2024-08-18,In behandeling
94111,60cc3e6c-b8e4-45d1-9b1b-0c4b16c961d9,Huisarts,24.24,2024-11-20,In behandeling
11410,99c24b43-81d0-4528-b960-e252cec0af15,Psychologische zorg,106.26,2025-02-10,In behandeling
33175,cb21f17e-987d-4ebb-885f-f12cf3f3dadb,Ziekenhuisopname,17.72,2024-09-09,In behandeling
94387,88fc0288-19f1-4655-a235-4b547fd5e919,Medicatie,442.11,2024-07-27,In behandeling
30261,ceccc15d-7d2d-48c6-bb5c-142c459950ca,Ziekenhuisopname,321.7,2024-03-10,In behandeling
87647,e69d5039-57a3-438e-b8fc-844fb8344eb3,Fysiotherapie,294.2,2024-08-26,Goedgekeurd
84461,f34cd1b0-7c60-42c6-9528-07777289f2fc,Ziekenhuisopname,499.12,2024-10-10,In behandeling
23598,9efbf7f8-e6bf-4e7f-9c2a-5e3e7b3693d7,Ziekenhuisopname,70.53,2024-08-27,Goedgekeurd
78893,6bd301ed-cc33-429e-b908-002e8f4f9657,Medicatie,372.83,2024-05-11,In behandeling
28077,25e8ea2c-de70-4533-b1a1-6c3d1fc42f59,Ziekenhuisopname,129.01,2024-11-14,In behandeling
87796,f7043566-3d2c-4aef-b842-d2287b3b35a9,Ziekenhuisopname,52.09,2025-01-27,Afgewezen
64952,321c1f53-7eb9-4029-9f63-f4f008e414c9,Psychologische zorg,465.64,2024-09-28,Goedgekeurd
30749,24771ba1-0dbf-4f0a-bb6c-2e8cd90c3921,Huisarts,198.16,2025-02-03,In behandeling
96222,f5cd694b-54ca-4ba6-a4fc-2151824324e6,Fysiotherapie,483.11,2024-09-17,Afgewezen
68639,6af08f6d-9d41-4bc1-818f-ffd4216a5873,Ziekenhuisopname,158.44,2025-02-01,Afgewezen
