Verzekerde_ID,Naam,Geboortedatum,Regio,Leeftijdscategorie,Verzekeringstype
44702,Amira Feenstra,1990-04-28,Utrecht,26-35,Topverzekering
21296,Joris Suijker,1959-08-11,Noord-Brabant,65+,Topverzekering
65474,Lot van den Berg,1984-10-09,Zuid-Holland,36-45,Aanvullend
40422,Dylano van der Avoirt,1943-08-27,Noord-Holland,46-55,Topverzekering
80462,Rayan van Dongen-van Gorp,1960-04-23,Overijssel,56-65,Aanvullend
99316,Janna van Dongen,1983-05-31,Utrecht,36-45,Basisverzekering
37209,Esther van Grinsven-de Kale,1950-04-07,Zuid-Holland,36-45,Aanvullend
19703,Elize Hoekstra,1979-09-05,Zuid-Holland,56-65,Topverzekering
24663,Merle Strijker,1944-12-17,Overijssel,65+,Basisverzekering
54432,Kyano Massa,1944-11-20,Noord-Brabant,18-25,Aanvullend
84441,Jesper Vallenduuk-Lutterveld,2006-11-06,Gelderland,46-55,Aanvullend
20952,Elin Meyer,1959-09-11,Overijssel,18-25,Basisverzekering
16633,Mustafa van Bentheim,1980-04-07,Gelderland,65+,Basisverzekering
74147,Jacob van Parijs-Loep,1946-06-11,Overijssel,65+,Aanvullend
29796,Jim Marceron,1945-12-24,Overijssel,36-45,Topverzekering
42132,Vera Rouwhorst,1965-04-19,Utrecht,46-55,Topverzekering
73582,Luke Bierstraten,1935-06-03,Utrecht,36-45,Topverzekering
29206,Veerle de Gruijl,1982-09-11,Utrecht,26-35,Topverzekering
65633,Aaron van Ham,1958-09-24,Utrecht,18-25,Topverzekering
17042,Yasmin Stettyn,1983-02-11,Zuid-Holland,18-25,Aanvullend
99839,Amélie Vink,1984-08-24,Zuid-Holland,36-45,Aanvullend
30024,Elize Kunen,1998-10-10,Overijssel,46-55,Topverzekering
71301,Mason Evers,1976-01-04,Gelderland,26-35,Topverzekering
89920,Thijn Meyer-Backer,1993-02-10,Overijssel,56-65,Topverzekering
76947,Kiki Elsenaar,1973-06-26,Noord-Brabant,65+,Topverzekering
17641,Anna Aarts,2003-08-18,Overijssel,46-55,Topverzekering
41666,Daan van Dam,1969-12-03,Zuid-Holland,36-45,Aanvullend
97564,Vera Van Bragt,1935-10-08,Noord-Brabant,46-55,Basisverzekering
18782,Jennifer Aelftrud van Wessex,2002-02-15,Gelderland,65+,Aanvullend
47621,Gerrit van Roijen,1993-10-23,Noord-Holland,56-65,Topverzekering
85511,Owen Verbeeck,1957-10-14,Noord-Holland,46-55,Topverzekering
59265,Noor Wright,1955-06-19,Noord-Holland,56-65,Aanvullend
52265,Mathijs Vermeulen,2002-06-07,Gelderland,46-55,Basisverzekering
63391,Robin van der Sande-de Koning,1998-02-06,Gelderland,65+,Basisverzekering
91291,Tijmen Labado,1971-10-18,Overijssel,36-45,Basisverzekering
56411,Silke Ruijs,1946-08-18,Noord-Holland,46-55,Basisverzekering
47516,Felix van Hamaland-Mol,1977-09-16,Noord-Brabant,65+,Topverzekering
63578,Chloë van der Heyden-van Heusden,1949-06-26,Gelderland,18-25,Basisverzekering
44602,Zoey Lensen-van den Bergh,1962-02-18,Noord-Brabant,56-65,Basisverzekering
67375,Max van Grinsven-Kalman,1985-02-06,Zuid-Holland,36-45,Aanvullend
61902,Lot Wever-Grondel,1969-01-23,Noord-Holland,36-45,Aanvullend
24956,Lizz Doyle-Waardeloo,1999-03-23,Utrecht,18-25,Topverzekering
31955,Ecrin Potters,1967-01-13,Overijssel,18-25,Aanvullend
85732,Stella Smits,1954-02-15,Zuid-Holland,56-65,Topverzekering
88906,Vincent Hendricks-van Velzen,1970-07-24,Zuid-Holland,65+,Topverzekering
95911,Yassin van Zwaben,1990-12-10,Utrecht,56-65,Aanvullend
34398,Jorn de Boer,1934-04-24,Gelderland,65+,Topverzekering
32196,Julius Köster,1992-07-23,Gelderland,36-45,Basisverzekering
66278,Sep Galenzone,1947-07-14,Zuid-Holland,56-65,Basisverzekering
43435,Floortje Schuurmans,1997-05-28,Utrecht,46-55,Aanvullend
32229,Tyler Schrik-Meyer,1959-04-28,Noord-Holland,56-65,Aanvullend
47839,Melissa Lathrope-Smith,2001-06-05,Overijssel,46-55,Topverzekering
39127,Sven Schellekens,1975-07-10,Zuid-Holland,26-35,Basisverzekering
64716,Thijs Wouters,1978-05-17,Overijssel,18-25,Topverzekering
98408,Yasmine Rijks,1943-08-13,Utrecht,18-25,Basisverzekering
67593,Vera Höning,1983-12-24,Noord-Holland,46-55,Basisverzekering
92808,Nynke Broeshart,1957-04-24,Gelderland,36-45,Topverzekering
52395,Quinten Bierstraten-Schenk,1951-09-13,Noord-Brabant,36-45,Topverzekering
67349,Julian Linschoten,1944-09-17,Noord-Brabant,46-55,Aanvullend
55045,Charlotte Stook-van Kempen,1997-12-19,Zuid-Holland,56-65,Basisverzekering
56613,Zoë van Oosten,1950-07-01,Zuid-Holland,65+,Basisverzekering
25724,Jan Jerusalem,1969-03-14,Zuid-Holland,56-65,Aanvullend
14895,Vincent van der Laar,1999-07-14,Overijssel,26-35,Aanvullend
62801,Merijn van den Broek,1937-05-23,Zuid-Holland,18-25,Topverzekering
52176,Puk Jerusalem,1997-01-29,Gelderland,56-65,Topverzekering
29369,Nienke van Oudewater,1959-08-01,Noord-Brabant,18-25,Aanvullend
52929,Kate Aarden,1956-04-16,Zuid-Holland,36-45,Topverzekering
60603,Lena van der Klein,1971-03-27,Noord-Holland,56-65,Basisverzekering
40772,Adam van de Velde-Nek,1983-09-26,Gelderland,46-55,Topverzekering
39810,Lola Bos,1964-08-12,Gelderland,65+,Aanvullend
67383,Maxim de Leeuw,1996-05-23,Noord-Brabant,46-55,Basisverzekering
53468,Floor Verhaar,1949-07-29,Noord-Holland,46-55,Topverzekering
12091,Senna van de Biesenbos,2000-08-12,Overijssel,46-55,Aanvullend
35333,Tom van Arkel,1996-11-23,Utrecht,56-65,Aanvullend
53685,Aaliyah Jansdr-Westerburg,1970-03-30,Zuid-Holland,56-65,Basisverzekering
63665,Kyan Wever-van Mare,1949-03-14,Utrecht,26-35,Basisverzekering
94730,Chloë van der Smeede,1976-04-16,Zuid-Holland,46-55,Basisverzekering
90391,Demi Dubois,1986-05-21,Gelderland,36-45,Aanvullend
21098,Morris Haack,1936-04-20,Noord-Holland,46-55,Topverzekering
47024,Pieter Roessink,1939-05-14,Noord-Brabant,46-55,Basisverzekering
75748,Vincent Luster-Hoppenbrouwer,1966-04-19,Overijssel,18-25,Topverzekering
60140,Sjoerd van den Bergh,2007-02-21,Noord-Holland,56-65,Aanvullend
77761,Mohammed van Limburg-Schotte,1967-11-09,Noord-Holland,46-55,Topverzekering
28218,Hugo Ponci,1935-12-29,Zuid-Holland,26-35,Topverzekering
93418,Puk de Wit,1981-06-22,Noord-Brabant,56-65,Aanvullend
37491,Dewi Aelftrud van Wessex,1996-12-13,Gelderland,26-35,Topverzekering
51724,Puk Lage,1945-11-01,Noord-Brabant,56-65,Topverzekering
55023,Olivier Buijs,1965-02-07,Noord-Holland,26-35,Basisverzekering
70134,Yinthe van de Elzas,1983-10-07,Zuid-Holland,36-45,Basisverzekering
99134,Lizz Passchiers,1960-10-08,Gelderland,26-35,Basisverzekering
68032,Zoë Mulder-Goedhart,1993-02-15,Overijssel,46-55,Basisverzekering
63492,Maarten Arts,1988-01-27,Overijssel,18-25,Basisverzekering
74562,Jacob van Boven,1958-04-08,Overijssel,18-25,Topverzekering
93246,Noud Huel,1965-01-23,Noord-Holland,65+,Basisverzekering
49187,Noah de Roo-van de Elzas,2000-02-10,Overijssel,56-65,Basisverzekering
89758,Hugo van Grinsven,1996-09-25,Zuid-Holland,56-65,Aanvullend
18675,Sami Visser,1998-01-07,Overijssel,36-45,Aanvullend
31825,Evi van Roijen,2003-10-26,Noord-Holland,56-65,Aanvullend
34136,Kyan Wouters van Eijndhoven,1997-02-20,Utrecht,65+,Topverzekering
78466,Jake Brugman,1959-11-08,Overijssel,18-25,Topverzekering
73374,Ties Michiels,1991-03-28,Gelderland,26-35,Topverzekering
90907,Bradley Kuiper,1948-03-15,Noord-Holland,46-55,Topverzekering
95228,Tirza van de Velde,1997-11-29,Noord-Brabant,26-35,Topverzekering
16121,Karlijn Hoedemakers,1999-10-08,Noord-Holland,26-35,Topverzekering
60977,Alicia Moensendijk,1938-02-24,Utrecht,26-35,Aanvullend
66474,Lars Zuidweg,1962-01-06,Gelderland,26-35,Topverzekering
54029,Bas van Bernicia,1951-07-11,Zuid-Holland,26-35,Aanvullend
60969,Vincent Lensen-Terry,1974-11-09,Gelderland,56-65,Topverzekering
77807,Kyan Helmerhorst-van Goerle,1962-09-15,Noord-Holland,65+,Basisverzekering
65637,Daan Blom,1939-12-02,Noord-Brabant,26-35,Basisverzekering
53478,Lot van Este,1937-10-28,Utrecht,26-35,Topverzekering
56616,Nick Wever,1949-11-03,Noord-Holland,18-25,Basisverzekering
52024,Ali Passchiers,1940-02-29,Zuid-Holland,46-55,Basisverzekering
23748,Fleur van Waas,1945-02-02,Utrecht,56-65,Topverzekering
23456,Sebastiaan van Bruchem-ter Waarbeek,2000-06-11,Gelderland,26-35,Aanvullend
39215,Bryan Saxo,1983-07-31,Gelderland,18-25,Aanvullend
21970,Senn van den Eerenbeemt-Eerden,1952-08-07,Overijssel,36-45,Aanvullend
72711,Micha Aarden,1973-08-09,Zuid-Holland,26-35,Aanvullend
77789,Jolie Kuijpers,1946-08-08,Noord-Brabant,46-55,Aanvullend
41846,Nynke van Bunschoten-van den Nieuwenhuijsen,1959-01-31,Noord-Holland,65+,Basisverzekering
89472,Collin Bakker,1976-04-20,Utrecht,36-45,Aanvullend
76577,Floortje Mosley,1934-03-14,Noord-Holland,56-65,Aanvullend
71022,Owen Draaisma,1953-09-10,Noord-Brabant,46-55,Topverzekering
47736,Mustafa van Boulogne,1937-01-27,Noord-Brabant,18-25,Topverzekering
69754,Esther Elsenaar,2000-04-14,Overijssel,56-65,Topverzekering
24005,Zara van de Darnau,1961-08-27,Utrecht,46-55,Aanvullend
68896,Suus van Santen-Schrik,1985-03-21,Gelderland,56-65,Basisverzekering
84870,Romy Bertho-de Bruin,1986-06-08,Zuid-Holland,26-35,Basisverzekering
11900,Chloé Goyaerts van Waderle,1979-11-15,Overijssel,65+,Topverzekering
36138,Hannah Moenen-Haselaar,1977-11-19,Noord-Holland,18-25,Aanvullend
47859,Samuel Wigman-Meyer,1973-04-29,Gelderland,26-35,Basisverzekering
17404,Arie van de Weterink-Kok,2005-01-22,Utrecht,56-65,Basisverzekering
69666,Simon Cammel,1943-12-17,Gelderland,65+,Aanvullend
57680,Bradley de Bock,1976-07-30,Utrecht,65+,Aanvullend
41469,Kyra van den Brink,1974-03-10,Noord-Holland,36-45,Aanvullend
21151,Laurens Driessen-Beekman,1992-04-11,Zuid-Holland,65+,Aanvullend
19670,Jan Bijlsma,1985-06-24,Gelderland,26-35,Basisverzekering
84574,Niek Kramer,1946-11-18,Noord-Brabant,18-25,Aanvullend
34837,Noortje Luitgardis van Neustrië-d' Heripon,1987-07-10,Utrecht,36-45,Aanvullend
99435,Boaz Willems,1943-02-25,Overijssel,46-55,Aanvullend
50090,Lucy Wensen-Spruit,1947-02-26,Overijssel,65+,Topverzekering
39497,Fenne The Elder,1974-01-07,Overijssel,26-35,Aanvullend
75238,Jelle Kremer,1992-09-08,Overijssel,18-25,Topverzekering
30796,Matthias Speijer-Potters,1970-05-17,Zuid-Holland,56-65,Aanvullend
29342,Naomi Scheffers-van Duvenvoirde,2001-11-24,Utrecht,65+,Aanvullend
69266,Samuel der Kijnder,1954-05-01,Noord-Holland,18-25,Aanvullend
73458,Meike Gerrits,1945-11-28,Utrecht,36-45,Aanvullend
90979,Maryam Vos,1970-06-05,Gelderland,18-25,Basisverzekering
44676,Lara Kamp,1955-09-21,Noord-Holland,26-35,Aanvullend
99629,Ben van der Sande,1946-08-13,Zuid-Holland,26-35,Basisverzekering
26596,Timo Dircken,1951-10-08,Noord-Holland,36-45,Basisverzekering
21950,Mohammed Mahieu,1979-09-22,Gelderland,56-65,Topverzekering
12646,Lot Bronder,2003-11-22,Noord-Holland,18-25,Basisverzekering
17419,Elif van Noort,1969-01-05,Utrecht,56-65,Topverzekering
90983,Owen Scheffers,1946-07-15,Noord-Holland,56-65,Aanvullend
40534,Alyssa Frerichs,1954-09-11,Utrecht,18-25,Basisverzekering
53525,Duuk van Hagen,1997-11-28,Utrecht,65+,Basisverzekering
24048,Elize Schulten,1936-02-14,Zuid-Holland,46-55,Aanvullend
32057,Guus Soos,1957-09-08,Overijssel,18-25,Aanvullend
59860,Mila van der Laar,1937-03-17,Zuid-Holland,56-65,Aanvullend
15289,Zeynep Mulders,1980-07-11,Noord-Holland,46-55,Topverzekering
66961,Lukas Ooms-Kunen,1964-01-01,Overijssel,26-35,Aanvullend
91483,Puk Schenkel-Goyaerts van Waderle,1984-10-30,Overijssel,36-45,Aanvullend
78220,Elizabeth Meeres-Verhagen,1953-04-01,Zuid-Holland,18-25,Aanvullend
43876,Esila Jurrijens,1954-06-13,Noord-Holland,65+,Topverzekering
58169,Brent van Venrooy,1972-05-18,Zuid-Holland,36-45,Topverzekering
10003,Renske van Voorst,1982-06-09,Gelderland,18-25,Basisverzekering
40367,Ella Dekker,1944-08-07,Noord-Brabant,18-25,Basisverzekering
49219,Loes Blokland-Spanhaak,1993-11-17,Overijssel,46-55,Topverzekering
17764,Laurens Ketel,1943-09-02,Noord-Holland,56-65,Aanvullend
17746,Jayda de Koning,1937-08-15,Overijssel,65+,Basisverzekering
51623,Pieter Ernst-van de Veen,1956-04-26,Gelderland,46-55,Aanvullend
58987,Senna de Vroege,1946-04-06,Gelderland,46-55,Topverzekering
96054,Noëlle Coreth von und zu Coredo und Starkenberg,1982-11-06,Overijssel,26-35,Basisverzekering
16225,Liam Hulst,1946-07-24,Zuid-Holland,36-45,Topverzekering
94862,Matthias Kortman,2005-11-02,Gelderland,65+,Aanvullend
75433,Silke Verschuere,1944-01-07,Gelderland,65+,Basisverzekering
72176,Suze Steenbeek,1960-02-19,Overijssel,46-55,Topverzekering
84203,Catharina Genefaas,1961-03-28,Overijssel,36-45,Basisverzekering
90595,Arie die Pelser,1962-07-07,Noord-Holland,36-45,Aanvullend
92804,Puck van der Brink,2003-10-02,Noord-Holland,18-25,Topverzekering
92991,Sem Manne,1990-05-14,Utrecht,46-55,Topverzekering
12269,Amy van Leuven,1961-01-12,Noord-Brabant,46-55,Basisverzekering
32510,Josephine Godfrey van Alemannië-Schwartsbach,1993-01-08,Gelderland,65+,Topverzekering
97549,Milan Schrant,1970-08-25,Overijssel,46-55,Topverzekering
95144,Jens Reijers-Rehorst,1963-11-26,Gelderland,46-55,Aanvullend
95502,Jari Middelkoop,1945-09-01,Noord-Holland,36-45,Topverzekering
84094,Naomi Otte,1998-06-29,Utrecht,65+,Aanvullend
43695,Catharina Veltman-Brandt,1987-11-02,Zuid-Holland,18-25,Topverzekering
98433,Carlijn van Liendert,2007-02-14,Noord-Holland,36-45,Basisverzekering
78636,Nora Aeije,2001-04-02,Gelderland,36-45,Basisverzekering
92147,Guusje Ellis,1979-12-11,Gelderland,46-55,Basisverzekering
82016,Ties van Asten-van der Plas,1949-07-24,Zuid-Holland,36-45,Topverzekering
33979,Nadia van Straaten,1955-07-25,Noord-Holland,46-55,Topverzekering
95275,Thomas Feenstra,1944-02-27,Noord-Holland,36-45,Aanvullend
68933,Elisabeth van Oirschot,1952-05-17,Zuid-Holland,46-55,Aanvullend
13997,Jente Mahieu,2006-05-12,Gelderland,18-25,Topverzekering
97128,Hanna Kirpenstein,1988-07-29,Gelderland,65+,Basisverzekering
28729,Isabel Le Grand,1962-09-18,Gelderland,46-55,Topverzekering
44035,Rafael Sanders-Mathol,1969-02-22,Zuid-Holland,26-35,Topverzekering
67989,Fem Holthuis,1957-12-02,Overijssel,18-25,Basisverzekering
51521,Senn Broeders-Peters,1979-07-08,Zuid-Holland,46-55,Aanvullend
28538,Tijmen Eelman,1977-02-28,Zuid-Holland,36-45,Topverzekering
94878,Giel Post,1948-07-10,Utrecht,46-55,Topverzekering
69003,Thomas Boogaerts,1973-07-23,Overijssel,56-65,Topverzekering
62926,Pieter Meeres-de Boer,1940-09-12,Zuid-Holland,36-45,Basisverzekering
43483,Isis Kok,2004-12-02,Noord-Holland,56-65,Topverzekering
73957,Selena Lafleur,1940-08-03,Utrecht,26-35,Aanvullend
54154,Luka Lorreijn,1942-02-26,Gelderland,18-25,Topverzekering
64303,Stella Lelijveld-Wolfswinkel,1965-10-23,Gelderland,65+,Topverzekering
50209,Jules Karels-van Zwaben,1947-08-23,Noord-Brabant,65+,Aanvullend
65682,Bart Cornelisse-Zuidweg,1954-01-30,Utrecht,46-55,Aanvullend
21729,Lot Uit de Willigen,1946-11-07,Utrecht,65+,Basisverzekering
23195,Elize de Haan,1984-01-19,Gelderland,36-45,Aanvullend
90459,Puck Ketel,1959-09-13,Utrecht,26-35,Topverzekering
62102,Azra de Jonge,1981-05-19,Noord-Holland,56-65,Aanvullend
86604,Loïs Lensen-Strik,2003-11-04,Zuid-Holland,36-45,Aanvullend
12644,Senna Stoffelsz,1942-03-23,Noord-Brabant,36-45,Basisverzekering
23099,Milo van Geffen,1940-12-01,Overijssel,26-35,Topverzekering
66597,Esmee Bouthoorn,1987-03-08,Gelderland,26-35,Topverzekering
33870,Joy Boddaugh-van Haarlem,2005-04-17,Noord-Holland,56-65,Topverzekering
90860,Tom Roodesteijn,1978-06-23,Utrecht,56-65,Aanvullend
67373,Owen Huijbrechts,1986-11-26,Gelderland,18-25,Topverzekering
51988,Maxim Nijman,1965-08-29,Zuid-Holland,18-25,Topverzekering
54507,Noortje de Jonge-Roukes,1997-11-11,Utrecht,18-25,Topverzekering
81988,Angelina Zijlemans,1971-04-27,Zuid-Holland,36-45,Topverzekering
52425,Maarten Krabbe,1963-07-07,Noord-Holland,26-35,Basisverzekering
39282,Wouter van Clootwijck,1953-08-10,Noord-Holland,56-65,Aanvullend
24168,Guusje Boer,1961-10-01,Utrecht,46-55,Aanvullend
97443,Guus van Gils-Gerritsen,1985-08-23,Utrecht,18-25,Basisverzekering
56822,Pepijn van Hagen,1935-07-31,Gelderland,26-35,Basisverzekering
10661,Jens Roessink-Lambers,1962-01-08,Noord-Brabant,36-45,Basisverzekering
18350,Vincent de Graaf,1995-02-20,Zuid-Holland,26-35,Basisverzekering
86145,Owen van Orleans-van Straaten,1974-05-15,Noord-Holland,36-45,Basisverzekering
46216,Mila Arnold,1976-10-13,Zuid-Holland,56-65,Basisverzekering
91720,Jonathan van der Strigt-Zevenboom,2002-03-14,Zuid-Holland,46-55,Aanvullend
85509,Selina VI,1969-03-25,Noord-Holland,18-25,Aanvullend
77701,Amira Schakelaar,1935-06-30,Overijssel,46-55,Topverzekering
69828,Juliette Kuilenburg,1981-11-18,Utrecht,56-65,Aanvullend
86160,Mohammed Molenaar,1974-01-18,Utrecht,65+,Aanvullend
23626,Jayden Heijmen-Bouwhuisen,1992-04-04,Noord-Holland,46-55,Topverzekering
78715,Sven Jeggij,2001-06-23,Overijssel,46-55,Aanvullend
42654,Merle van Rooij-Verbruggen,1944-09-22,Noord-Brabant,26-35,Aanvullend
39253,Sterre van 't Wel-die Witte,1989-07-04,Noord-Brabant,26-35,Basisverzekering
96856,Fien Maas,1963-05-31,Zuid-Holland,56-65,Topverzekering
85482,Timo Jekel,1993-04-25,Gelderland,26-35,Topverzekering
87897,Femke Dekker,1946-10-20,Noord-Holland,46-55,Aanvullend
41673,Noor Courtier,1991-11-22,Zuid-Holland,18-25,Topverzekering
43403,Tara van der Laarse,1969-05-30,Zuid-Holland,65+,Topverzekering
96549,Imke van der Laar,1966-10-30,Gelderland,18-25,Basisverzekering
75941,Ashley Schellekens,1969-08-06,Utrecht,36-45,Topverzekering
70671,Lily Le Grand,1970-07-28,Zuid-Holland,46-55,Aanvullend
73423,Liz Bosch,1998-03-03,Gelderland,65+,Topverzekering
48646,Tycho Dekker,2000-05-24,Zuid-Holland,56-65,Topverzekering
68062,Bilal Lamotte-Berendse,1999-11-24,Gelderland,26-35,Topverzekering
91490,Rens Stinis,1939-07-01,Noord-Holland,26-35,Aanvullend
89856,Jesse Stook,1942-06-08,Zuid-Holland,36-45,Aanvullend
39572,Lisa Strijker,1970-03-21,Zuid-Holland,56-65,Topverzekering
30043,Inaya Weylant,1976-10-19,Gelderland,26-35,Basisverzekering
89818,Isabella Steenbeek-Haring,2000-09-03,Gelderland,18-25,Aanvullend
48068,Thijn van der Stael-Rijntjes,1953-08-21,Noord-Holland,56-65,Topverzekering
65675,Emma de Reede,1946-08-22,Utrecht,26-35,Topverzekering
71368,Zoë Houdijk,1982-07-12,Noord-Brabant,26-35,Aanvullend
38176,Dirk Huijzing,1942-05-16,Overijssel,46-55,Topverzekering
66469,Romy Jeggij-van der Berg,1986-11-24,Noord-Brabant,36-45,Aanvullend
42844,Floris van Maasgouw,1953-10-22,Zuid-Holland,36-45,Topverzekering
77053,Josephine Kathagen,1997-08-31,Zuid-Holland,26-35,Topverzekering
94038,Lisa van den Wittenboer,1998-05-12,Utrecht,36-45,Basisverzekering
72422,Selena van der Linden-Dircken,1987-07-28,Utrecht,26-35,Topverzekering
47656,Leon Cornelisz,1959-06-17,Zuid-Holland,18-25,Topverzekering
54414,Robin Michielsen,1953-10-26,Noord-Holland,46-55,Aanvullend
12403,Maartje Hoppenbrouwer-Schouten,1941-05-27,Utrecht,36-45,Topverzekering
64189,Elise Unruoch Hunerik,1936-03-26,Noord-Holland,56-65,Basisverzekering
45079,Evy de Jong,1971-03-11,Noord-Brabant,65+,Aanvullend
54121,Owen de Wit,1998-02-17,Gelderland,18-25,Basisverzekering
52353,Jordy Zeemans,1939-10-30,Zuid-Holland,56-65,Basisverzekering
45254,Milo Bruynzeels,1989-12-15,Zuid-Holland,46-55,Topverzekering
24141,Joris Vrancken,1942-06-29,Gelderland,56-65,Topverzekering
36816,Morris Spanhaak,1958-10-29,Noord-Holland,18-25,Topverzekering
40795,Jade Hellevoort,1955-01-21,Noord-Holland,26-35,Basisverzekering
34812,Leon de Plantard,1993-11-01,Noord-Brabant,56-65,Aanvullend
63814,Tyler Verheuvel,1999-01-29,Utrecht,46-55,Topverzekering
23005,Catharina Gerritsen,1963-02-23,Zuid-Holland,18-25,Topverzekering
89009,Sven van Vermandois,1934-10-25,Gelderland,26-35,Topverzekering
78174,Senna Zijlemans,1940-06-29,Zuid-Holland,18-25,Basisverzekering
79268,Jamie Heinrichs,1943-03-25,Gelderland,26-35,Basisverzekering
75274,Eliza Diesbergen-van Doorn,1996-06-08,Overijssel,36-45,Aanvullend
68074,Jay Dekker,1941-03-02,Noord-Brabant,18-25,Topverzekering
39268,Collin Kuit,1984-08-11,Noord-Holland,46-55,Topverzekering
96051,Zakaria van Kuijc,1944-06-09,Utrecht,26-35,Topverzekering
99498,Melle van Bovene,1996-05-25,Noord-Brabant,18-25,Basisverzekering
45958,Elisabeth Lijn,1984-09-27,Gelderland,65+,Aanvullend
88837,Linde Molegraaf,1945-07-11,Noord-Holland,56-65,Aanvullend
78621,Jorn Huisman-Mathieu,1969-07-10,Gelderland,36-45,Basisverzekering
68040,Abel van Praagh,2003-12-16,Zuid-Holland,56-65,Topverzekering
15464,Ruben Rackham,1982-06-28,Overijssel,36-45,Topverzekering
49197,Hendrik Uphus,2004-10-07,Noord-Brabant,65+,Basisverzekering
55346,Teun Kamp,1992-05-19,Zuid-Holland,26-35,Basisverzekering
73404,Stef Gruijl,2001-03-23,Overijssel,56-65,Aanvullend
26403,Veerle van Voorst,1997-11-25,Noord-Brabant,18-25,Basisverzekering
41267,Joël Luitgardis van Neustrië,1989-12-29,Zuid-Holland,56-65,Basisverzekering
47469,Milou Kisman-Stichter,1970-12-08,Noord-Brabant,36-45,Aanvullend
13226,Nova van Haspengouw,1944-03-22,Noord-Brabant,46-55,Basisverzekering
14277,Beau Coret-Coredo,1953-07-10,Noord-Brabant,26-35,Basisverzekering
10561,Stefan Heribert van Laon,1999-08-21,Zuid-Holland,46-55,Aanvullend
59336,Evelien Giselmeyer,1967-06-07,Utrecht,26-35,Aanvullend
57589,Maartje Arens,1946-11-06,Utrecht,56-65,Basisverzekering
27680,Jurre Hehl-van Kuijc van Malsen,1997-04-13,Utrecht,46-55,Aanvullend
27057,Stijn de Plantard,1999-12-15,Utrecht,36-45,Aanvullend
24074,Jasper van de Velden,1941-08-06,Utrecht,18-25,Basisverzekering
76440,Stefan van der Linden-Lathrope,1992-10-19,Utrecht,18-25,Basisverzekering
83269,Rosa Steenbeek,1946-05-07,Noord-Holland,46-55,Aanvullend
33212,Liv de Haan,1970-01-03,Gelderland,56-65,Topverzekering
41281,Lizzy Willemsen-van Drenthe,2000-08-01,Noord-Holland,36-45,Topverzekering
52066,Lot de Haas,1968-01-07,Gelderland,56-65,Aanvullend
97285,Oscar Dijkstra,1961-05-22,Overijssel,46-55,Basisverzekering
15396,Selina Verschut,1962-02-12,Noord-Brabant,18-25,Basisverzekering
89809,Mustafa van Asten,1936-05-30,Zuid-Holland,26-35,Topverzekering
52041,Rosalie de Vries-van Laarhoven,1938-06-21,Gelderland,46-55,Aanvullend
62383,Mustafa Jonkman-Bernaards,1975-02-12,Overijssel,36-45,Topverzekering
98929,Charlotte de Grote,1981-12-11,Noord-Brabant,18-25,Topverzekering
82637,Kyra Scherms,1975-03-03,Overijssel,18-25,Topverzekering
42649,Justin Nihoe-Mijsberg,1991-06-27,Zuid-Holland,26-35,Topverzekering
95548,Jolijn Winters,1995-08-31,Overijssel,18-25,Basisverzekering
15271,Jente van Herstal,1967-08-10,Noord-Holland,18-25,Basisverzekering
22586,Lynn van Rijnsbergen,1964-10-24,Noord-Holland,18-25,Topverzekering
12325,Jet Huisman,1981-03-14,Zuid-Holland,18-25,Basisverzekering
95362,Muhammed Saxo,2005-02-03,Noord-Brabant,26-35,Basisverzekering
80035,Naomi Saxo,1936-08-16,Zuid-Holland,46-55,Aanvullend
46089,Julie van Venrooy,1975-01-29,Utrecht,46-55,Aanvullend
51319,Alexander Cornelisz,1961-09-23,Utrecht,65+,Basisverzekering
74419,Elisabeth Ferran,1972-07-07,Noord-Brabant,26-35,Basisverzekering
16287,Mart Luitgardis van Neustrië-Lind,1998-05-04,Gelderland,18-25,Basisverzekering
10267,Simon Veltman,1989-06-12,Gelderland,18-25,Topverzekering
26033,Lise Jaceps,1977-06-21,Noord-Holland,65+,Basisverzekering
35838,Yasmin van den Berg-Wouters van Eijndhoven,1965-06-24,Overijssel,26-35,Topverzekering
84261,Jayden Ehlert,1988-04-13,Noord-Brabant,46-55,Basisverzekering
46415,Anne van Leeuwen-Wildschut,1984-10-14,Overijssel,46-55,Basisverzekering
17492,Nadia Kalman,1981-12-22,Zuid-Holland,46-55,Topverzekering
18830,Sophie Joosten,1934-04-07,Zuid-Holland,65+,Aanvullend
41318,Hailey van Spreuwel-Bosman,1934-06-26,Zuid-Holland,36-45,Aanvullend
27747,Thijmen Weyland,1943-05-23,Gelderland,56-65,Topverzekering
54747,Noor Perkins,1966-12-25,Noord-Holland,18-25,Aanvullend
97358,Sjoerd de Groot,1999-03-12,Gelderland,18-25,Aanvullend
11896,Ashley Hoedemakers,1991-09-08,Noord-Brabant,56-65,Basisverzekering
46480,Leah Everts-Tuithof,1965-05-30,Noord-Brabant,18-25,Topverzekering
98392,Ashley Ernst-Verkade,1944-04-04,Gelderland,65+,Basisverzekering
68247,Loes Vink,1986-10-22,Utrecht,36-45,Basisverzekering
48204,Kate Schokman,1963-08-23,Gelderland,18-25,Topverzekering
16123,Jurre Winters-de Bock,1972-12-23,Utrecht,46-55,Topverzekering
78897,Megan van de Pavert,1970-09-07,Gelderland,56-65,Aanvullend
12513,Charlotte Spanhaak,1950-09-15,Utrecht,36-45,Basisverzekering
79132,Evie Molen,1982-02-12,Noord-Brabant,46-55,Topverzekering
16830,Mike van Spreeuwel-Ouwerkerk,1961-12-21,Gelderland,18-25,Aanvullend
92741,Jurre Bastiaense-de Bruyn,2001-10-28,Overijssel,36-45,Aanvullend
91862,Hendrik van Berkum,1969-12-10,Zuid-Holland,46-55,Topverzekering
31125,Florian Alpaidis,1945-03-05,Utrecht,26-35,Topverzekering
70112,Johanna van de Brink,1980-06-05,Gelderland,36-45,Topverzekering
86158,Rosalie van 't Houteveen-Stichter,1947-12-16,Noord-Holland,65+,Basisverzekering
33310,Valerie van den Oever,1984-03-08,Overijssel,56-65,Aanvullend
58794,Romy Aarts-Françoise,1961-07-29,Overijssel,56-65,Topverzekering
17564,Nienke Lage,1989-02-16,Noord-Brabant,26-35,Aanvullend
89776,Luuk Wildschut,1950-05-30,Utrecht,46-55,Basisverzekering
63818,Alex Schrik,1986-09-05,Gelderland,46-55,Aanvullend
26898,Josephine Dachgelt,1935-03-11,Noord-Holland,18-25,Basisverzekering
19891,Jente van Voorst,1964-06-12,Utrecht,46-55,Topverzekering
84998,Roos Schulten,1971-08-21,Gelderland,18-25,Basisverzekering
32164,Amina Michielsen,1995-09-20,Gelderland,36-45,Basisverzekering
92054,Romy van Praagh,1936-10-16,Noord-Brabant,56-65,Aanvullend
30060,Olaf de Vos,1965-11-12,Noord-Holland,26-35,Topverzekering
71609,Ize Salet,1941-02-03,Noord-Brabant,26-35,Aanvullend
86337,Lana van Geffen,1940-01-03,Noord-Holland,46-55,Topverzekering
37524,Bibi van Wallaert-Lucas,1972-09-24,Gelderland,36-45,Basisverzekering
81968,Joep Lutterveld,1951-04-17,Noord-Holland,26-35,Topverzekering
49681,Fenna Huijbrechts,1987-02-24,Noord-Brabant,65+,Aanvullend
78033,Lenn de Vries,1971-01-08,Utrecht,26-35,Basisverzekering
54421,Maaike van Berkel-Voortman,1983-04-26,Noord-Brabant,36-45,Basisverzekering
53776,Lina van der Maath,1974-03-05,Noord-Brabant,26-35,Basisverzekering
73302,Ise van Wijk,1959-04-23,Overijssel,26-35,Topverzekering
69736,Maryam Gerritsen,1956-09-07,Overijssel,18-25,Basisverzekering
51594,Bram Wagenvoort,2004-08-01,Noord-Holland,46-55,Basisverzekering
73195,Senna Kuiper,1960-11-06,Noord-Holland,56-65,Basisverzekering
81723,Anna Speijer,1984-10-07,Zuid-Holland,26-35,Basisverzekering
46567,Aimée Friehus-van Luxemburg,1983-11-15,Overijssel,26-35,Topverzekering
70042,Tycho Tuithof,2005-08-07,Overijssel,36-45,Topverzekering
22891,Colin le Gallen-van den Eerenbeemt,1996-10-06,Overijssel,26-35,Aanvullend
68662,Jayden van Breukeleveen-van Bovene,1980-12-27,Noord-Holland,36-45,Topverzekering
21859,Carlijn Krabbe,1944-07-14,Overijssel,65+,Aanvullend
47597,Ise Verhoeven-Wijland,1953-03-12,Noord-Brabant,65+,Aanvullend
68318,Elize van der Hoeven,1936-07-24,Zuid-Holland,46-55,Basisverzekering
63400,Kate Kathagen,1946-05-27,Noord-Holland,36-45,Topverzekering
73542,Nova Verschuere,1971-09-21,Zuid-Holland,46-55,Aanvullend
70439,Seth van Maasgouw,1941-02-01,Zuid-Holland,26-35,Aanvullend
67546,Sarah de Strigter,2000-09-27,Noord-Holland,18-25,Topverzekering
29820,Dylan Kloppert,1958-10-21,Overijssel,56-65,Aanvullend
71383,Jade Merkx,1985-08-31,Noord-Brabant,65+,Topverzekering
73160,Daniel van Clootwijck,1942-07-22,Utrecht,46-55,Aanvullend
31347,Sjoerd van der Plas,1980-03-19,Utrecht,36-45,Basisverzekering
26694,James Tielemans-Rousselet,2001-08-09,Utrecht,56-65,Aanvullend
73483,Jayson van Luyssel,1936-12-26,Utrecht,18-25,Basisverzekering
22100,Vince Nollee,1972-04-04,Gelderland,26-35,Aanvullend
85220,Lorenzo Heijman,1968-05-09,Overijssel,56-65,Basisverzekering
86026,Valentijn Doorhof,2001-11-17,Noord-Holland,65+,Aanvullend
31627,Simon Riem,1943-08-17,Zuid-Holland,26-35,Topverzekering
19234,Isabella van Dijk,1996-05-09,Overijssel,56-65,Aanvullend
96016,Vincent de Grote,1961-03-16,Overijssel,46-55,Aanvullend
41674,Jolie van Salmen-van Munster,1999-10-02,Gelderland,18-25,Aanvullend
93222,Julius Geerling-Zevenboom,1980-12-01,Utrecht,46-55,Basisverzekering
41831,Bas van de Darnau,1956-01-12,Noord-Brabant,46-55,Basisverzekering
35807,Joep Lips,1988-12-09,Overijssel,36-45,Aanvullend
77791,Kai Elsenaar,1958-02-06,Noord-Brabant,18-25,Aanvullend
73141,David Tammerijn,1978-01-07,Utrecht,56-65,Topverzekering
68822,Lucas van der Strigt,1981-01-01,Gelderland,65+,Aanvullend
54522,Liza Kuijpers-de Gruil,1976-04-01,Zuid-Holland,36-45,Topverzekering
59881,Tobias van Breukeleveen,1942-05-18,Noord-Brabant,46-55,Topverzekering
35429,Jenna Kuiper,1980-09-01,Noord-Brabant,36-45,Basisverzekering
66779,Tim Gerrits,1998-02-18,Utrecht,26-35,Aanvullend
38130,Florian Ketel,2001-07-27,Noord-Brabant,26-35,Topverzekering
58236,Vera Gemen,1963-10-27,Noord-Holland,65+,Topverzekering
77062,Fabiënne van Schevinghuizen,1975-04-06,Zuid-Holland,36-45,Basisverzekering
87556,Jan van de Wal-de Backer,1962-02-26,Zuid-Holland,18-25,Aanvullend
97363,Tim Smit,1936-12-04,Utrecht,36-45,Topverzekering
92308,Wessel Schatteleijn,1957-08-29,Zuid-Holland,56-65,Basisverzekering
32688,Elize van den Brand,1947-12-12,Gelderland,46-55,Basisverzekering
23045,Maxim van de Coterlet,2004-10-25,Overijssel,56-65,Basisverzekering
20505,Aiden van Formbach,1974-04-27,Noord-Holland,56-65,Topverzekering
39612,Louise van Klaarwater,1953-07-18,Noord-Holland,46-55,Aanvullend
64238,Annabel van Rijthoven,1988-03-18,Gelderland,26-35,Topverzekering
21585,Marit Sprong,1989-11-02,Noord-Holland,26-35,Aanvullend
35532,Alexander Verhoeven,1937-12-30,Noord-Brabant,65+,Basisverzekering
18336,Nynke Schellekens-Paillet,1983-03-07,Gelderland,46-55,Basisverzekering
96542,Sofie Briere,1945-09-02,Utrecht,18-25,Aanvullend
83574,Kyan Rotteveel,1949-01-01,Zuid-Holland,46-55,Topverzekering
28498,Isabella Speijer,1996-12-04,Zuid-Holland,56-65,Basisverzekering
78286,Bryan Loep,1968-12-14,Overijssel,18-25,Basisverzekering
18688,Rayan van Formbach-le Briel,1982-03-23,Noord-Holland,26-35,Basisverzekering
30387,Cornelis Post,1939-04-14,Noord-Holland,46-55,Aanvullend
71796,Ryan van Buuren,1973-01-28,Noord-Holland,46-55,Topverzekering
87511,Hanna de Lange,2006-11-18,Utrecht,36-45,Topverzekering
72471,Phileine Geneart,1961-09-10,Noord-Brabant,18-25,Basisverzekering
95638,Tobias de Vos-Postma,2000-02-03,Noord-Brabant,56-65,Aanvullend
66205,Bilal Uphaus-le Briel,1983-02-02,Noord-Holland,56-65,Basisverzekering
66045,Lorenzo Jonker,1980-10-26,Overijssel,18-25,Topverzekering
63088,Lina Tamsma,1956-03-06,Zuid-Holland,18-25,Basisverzekering
69209,Jay Bosman,1959-06-02,Zuid-Holland,65+,Basisverzekering
90245,Tom Bernaards,1938-12-24,Utrecht,26-35,Basisverzekering
69061,Tobias Weylant,1981-10-17,Utrecht,65+,Topverzekering
60262,Nisa van de Noordmark-Koeman,1937-08-18,Noord-Holland,26-35,Basisverzekering
11300,Jens Mosley,1994-12-06,Gelderland,46-55,Aanvullend
42051,Sep Krabbe,1938-06-15,Gelderland,26-35,Topverzekering
81311,Jesper van Engeland-le Gallen,1967-11-03,Noord-Brabant,26-35,Topverzekering
98659,Lisanne van Nus,1952-02-23,Zuid-Holland,36-45,Aanvullend
71844,Bram Weyland-Strik,1989-05-26,Noord-Holland,36-45,Topverzekering
49275,Fleur Corstiaens,1946-04-28,Overijssel,46-55,Topverzekering
70846,Luke Mansvelt,2003-06-24,Noord-Brabant,26-35,Aanvullend
85332,Eline de Bont,1971-08-31,Overijssel,56-65,Basisverzekering
37784,Tygo Vallenduuk-van Luin,1963-07-31,Utrecht,26-35,Basisverzekering
54763,Jurre Weijters-den Buytelaar,1945-10-11,Noord-Holland,36-45,Aanvullend
24397,Niek Tammerijn,1999-09-16,Noord-Brabant,26-35,Topverzekering
23852,Sepp van Breugel,1966-05-10,Noord-Brabant,46-55,Topverzekering
62073,Riley Greij,1976-01-10,Noord-Brabant,26-35,Basisverzekering
63068,Tijn van Dillen-Adriaansen,2005-01-16,Noord-Brabant,18-25,Aanvullend
16267,Eva van Alenburg-Wipstrik,1998-09-04,Noord-Holland,26-35,Topverzekering
16111,Lucy van Drenthe,1993-05-18,Gelderland,46-55,Topverzekering
71659,Ali Feenstra-Zwart,1978-08-18,Noord-Brabant,26-35,Aanvullend
60761,Pleun Kolster,2001-03-16,Overijssel,36-45,Basisverzekering
46876,James Heyne-van Oudewater,1970-02-04,Utrecht,26-35,Aanvullend
88854,Jesper Scardino,2002-08-26,Utrecht,46-55,Aanvullend
59300,Guus de Swart,1968-02-01,Utrecht,56-65,Topverzekering
17691,Alicia Scholten-Lamore,1994-12-12,Zuid-Holland,36-45,Topverzekering
74855,Florian Scharroo-Kerkhof,1999-10-09,Gelderland,56-65,Aanvullend
71598,Isabella Vermeulen-van Noordeloos,1949-06-19,Gelderland,46-55,Basisverzekering
75723,Ali Lucas,1982-07-30,Noord-Brabant,36-45,Aanvullend
95143,Anne Vrancken,1995-11-13,Zuid-Holland,36-45,Basisverzekering
31792,Bradley Lathrope,1998-12-29,Gelderland,65+,Basisverzekering
29289,Loek Thomas-Zevenboom,1981-05-22,Gelderland,56-65,Topverzekering
86361,Muhammed Bellemans-van Noordeloos,1968-09-08,Zuid-Holland,18-25,Basisverzekering
38921,Demi van Hagen,1937-03-08,Utrecht,65+,Basisverzekering
87864,Catharina Rietveld,1950-10-27,Zuid-Holland,65+,Basisverzekering
96627,Maja Mathol,1934-11-20,Noord-Holland,18-25,Topverzekering
26786,Maartje Nijman-van den Heuvel,2001-06-23,Zuid-Holland,36-45,Topverzekering
91887,Olivier van den Broek,1938-07-22,Utrecht,56-65,Basisverzekering
43810,Imke van den Nyeuwenhuysen-van der Noot,1939-07-18,Zuid-Holland,56-65,Topverzekering
36495,Annemijn Haack-Hellevoort,1977-08-23,Noord-Holland,36-45,Basisverzekering
38474,Senna van Salmen-Peeters,1983-04-22,Noord-Brabant,18-25,Basisverzekering
16826,Madelief van Laarhoven,1966-01-14,Utrecht,56-65,Topverzekering
18947,Joëlle van Brunswijk-Pieters van der Maes,1972-12-23,Noord-Holland,36-45,Basisverzekering
76474,Mohammed de Gruijl,1994-01-19,Noord-Holland,56-65,Basisverzekering
22180,Jamie Giselmeyer,1957-08-05,Noord-Brabant,36-45,Basisverzekering
18101,Twan van den Bergh,1993-08-01,Noord-Holland,46-55,Topverzekering
11429,Ayden de Leeuw-van der Kint,1949-05-18,Gelderland,26-35,Topverzekering
14411,Sophie van Mook,1967-12-28,Noord-Brabant,36-45,Aanvullend
67188,Dave Jacobs,1974-08-21,Zuid-Holland,18-25,Topverzekering
44943,Tessa van Ooyen,1973-03-20,Gelderland,65+,Basisverzekering
64051,Yasmin Hakker,2006-12-14,Noord-Holland,46-55,Basisverzekering
36396,Morris van Susa,1965-01-06,Utrecht,36-45,Basisverzekering
43184,Keano Wilmont,1941-11-12,Noord-Brabant,56-65,Topverzekering
39062,Lisa François,1987-12-21,Noord-Brabant,65+,Topverzekering
41099,Pieter Otte-van Haspengouw,1983-08-26,Zuid-Holland,18-25,Topverzekering
37200,Sami van der Steen,1991-05-03,Zuid-Holland,26-35,Topverzekering
26697,Yasmine Willems-Leguit,1944-02-22,Overijssel,18-25,Topverzekering
21099,Rayan Dachgelder,1970-08-30,Utrecht,56-65,Topverzekering
76337,Gijs de Keijzer,2002-08-01,Utrecht,56-65,Topverzekering
33857,Mathijs Westermann,1991-09-18,Utrecht,56-65,Basisverzekering
52496,Loïs Verharen-Scholten,2003-11-12,Gelderland,18-25,Aanvullend
22877,Vera Uphus-van de Biezenbos,1950-03-17,Overijssel,56-65,Topverzekering
10597,Laurens Brisee,1983-07-01,Gelderland,18-25,Basisverzekering
89861,Mehmet Schrant,2004-06-16,Noord-Brabant,56-65,Aanvullend
82276,Alexander Spaan,1978-08-15,Overijssel,26-35,Topverzekering
62843,Ben van Nimwegen-Hanegraaff,1961-08-28,Zuid-Holland,65+,Aanvullend
21279,Johannes van Egisheim,1958-03-30,Utrecht,36-45,Aanvullend
28815,Hannah de Jonge,1951-03-19,Noord-Brabant,46-55,Aanvullend
25437,Zoë Janssen,1972-06-14,Noord-Brabant,46-55,Aanvullend
35075,Yinthe Osterhoudt-van Boven,1997-05-11,Zuid-Holland,56-65,Topverzekering
17368,Indy Merckx,1981-05-07,Zuid-Holland,56-65,Topverzekering
74776,Bjorn Arent,1934-06-24,Zuid-Holland,46-55,Topverzekering
43562,Amélie van der Pol,1980-01-30,Utrecht,65+,Topverzekering
27909,Eliza Ehlert-van Haeften,1950-12-24,Noord-Holland,65+,Aanvullend
75194,Abel Kolen,1940-02-07,Noord-Holland,56-65,Basisverzekering
82520,Sophie Scuylenborchs-Dries,1976-08-09,Utrecht,26-35,Basisverzekering
17500,Dewi van Praagh,1981-06-13,Gelderland,26-35,Basisverzekering
72317,Dean der Kijnder,1965-09-25,Zuid-Holland,26-35,Topverzekering
12346,Elisabeth Sas,1994-08-30,Gelderland,65+,Basisverzekering
37311,Kay van den Nuwenhuysen,1950-05-22,Noord-Brabant,46-55,Aanvullend
58845,Stella Moet,1945-02-25,Noord-Holland,65+,Topverzekering
63204,Nova Gepa van Bourgondië,1966-12-08,Gelderland,56-65,Topverzekering
83716,Roan Hendricks,1982-12-08,Utrecht,18-25,Basisverzekering
36989,Selina van Kempen,1990-01-29,Overijssel,65+,Aanvullend
55269,Elise Wunderink-ter Waarbeek,1934-07-27,Noord-Brabant,26-35,Topverzekering
35894,Sophie Dubois,1946-11-03,Utrecht,36-45,Aanvullend
24856,Anna Otte-van Opper-Lotharingen,1951-09-18,Noord-Brabant,36-45,Topverzekering
39445,Jenna Janssen,1945-01-14,Gelderland,26-35,Aanvullend
75831,Angelina Rijntjes-Oostveen,1971-03-13,Utrecht,65+,Basisverzekering
84303,Victoria Brugman,2006-06-12,Overijssel,36-45,Basisverzekering
63939,Wesley Mulder-Westerburg,1973-08-16,Noord-Brabant,65+,Basisverzekering
75320,Ayden Steenbakkers,1995-04-23,Utrecht,56-65,Aanvullend
36726,Milou Lansink-VI,1935-03-28,Zuid-Holland,56-65,Topverzekering
66364,Lisanne van Rooij,1954-07-14,Gelderland,36-45,Basisverzekering
90709,Jill de Koning,1947-05-29,Gelderland,65+,Topverzekering
22940,Joëlle Huisman-Mercks,1988-01-11,Noord-Brabant,65+,Aanvullend
14124,Lize van Beeck,1960-02-27,Zuid-Holland,65+,Basisverzekering
65090,Cas Kamper-Cornelisz,1938-11-27,Noord-Brabant,46-55,Topverzekering
75396,Juliette Dircken,1941-09-16,Zuid-Holland,18-25,Aanvullend
57235,Tessa Beekman,1958-09-07,Overijssel,56-65,Topverzekering
13524,Fem Wooning,1952-12-26,Utrecht,46-55,Basisverzekering
65571,Ibrahim Scuylenborchs,1999-07-16,Utrecht,36-45,Basisverzekering
67541,Amir Schokman,2004-05-24,Utrecht,18-25,Topverzekering
84062,Senn Rietveld,1986-12-20,Overijssel,36-45,Basisverzekering
95606,Merijn de Nijs,2005-09-17,Noord-Brabant,56-65,Topverzekering
72072,Chris Korsman-der Kijnder,1985-12-24,Overijssel,36-45,Aanvullend
24855,Maria van den Assem,1951-07-06,Zuid-Holland,26-35,Aanvullend
44326,Thomas Schwartsbach,1940-01-05,Zuid-Holland,36-45,Aanvullend
91988,Bas Smit-Geerts,1963-06-20,Noord-Brabant,46-55,Basisverzekering
71226,Jennifer van Arkel,2003-07-04,Overijssel,56-65,Topverzekering
31354,Tycho Arts,1941-05-03,Noord-Holland,65+,Aanvullend
22455,Olaf Hekker,1982-03-27,Overijssel,18-25,Basisverzekering
18003,Sylvie Rehorst-Tuithof,1960-05-04,Noord-Brabant,36-45,Aanvullend
38009,Jake Reijers,1982-04-19,Noord-Brabant,46-55,Aanvullend
12372,Wessel Pasman,1988-04-30,Gelderland,36-45,Basisverzekering
69618,Hanna Nek,1947-03-16,Zuid-Holland,26-35,Topverzekering
46031,Hailey Passchiers-van Dagsburg,1964-01-29,Utrecht,65+,Basisverzekering
39498,Bjorn Dircken,1998-01-16,Overijssel,46-55,Topverzekering
78177,Dean Honing-Kloppert,1950-12-01,Zuid-Holland,26-35,Aanvullend
13745,Nynke Mahieu-van Beaumont,2004-02-19,Noord-Brabant,65+,Basisverzekering
72980,Zara Amalrada,1948-05-03,Overijssel,26-35,Basisverzekering
77957,Loek Vallenduuk-Bosman,1990-05-20,Utrecht,65+,Basisverzekering
48162,Ali Engels,2007-02-15,Gelderland,18-25,Topverzekering
39718,Zara Bolkesteijn,1958-11-14,Utrecht,65+,Aanvullend
87933,Joy Ketting-Konings,2006-06-04,Noord-Holland,65+,Topverzekering
84960,Jolie Kunen,2000-05-31,Noord-Holland,36-45,Aanvullend
13596,Justin Teunissen,1998-01-20,Utrecht,18-25,Topverzekering
26775,Féline Marchand-Claassen,1960-03-22,Zuid-Holland,26-35,Topverzekering
67432,Pleun Ponci,1975-10-22,Noord-Brabant,65+,Basisverzekering
24459,Luke Bruijne van der Veen,1959-11-20,Noord-Holland,36-45,Aanvullend
48682,Alicia van Mil,1954-09-17,Zuid-Holland,26-35,Aanvullend
68006,Aaron d' Heripon,1958-08-12,Noord-Brabant,18-25,Topverzekering
63003,Bart van Evelingen,1940-07-18,Noord-Brabant,46-55,Topverzekering
80077,Twan Kathagen,1975-10-11,Zuid-Holland,56-65,Topverzekering
36300,Annabel Françoise-Driessen,2003-03-31,Utrecht,56-65,Aanvullend
21740,Bjorn Romijn,1983-09-22,Utrecht,65+,Topverzekering
75902,Oscar de Plantard-Verheuvel,1953-04-08,Noord-Holland,46-55,Basisverzekering
24030,Jolijn Muller,1966-12-05,Noord-Brabant,18-25,Basisverzekering
87585,Rafael van Hagen,1956-03-19,Noord-Brabant,46-55,Aanvullend
34007,Indy Le Marec,1968-01-13,Zuid-Holland,65+,Aanvullend
31548,Ayoub Dubois-Huisman,1995-06-23,Noord-Holland,65+,Basisverzekering
43202,Levi Willems-Marceron,1964-11-28,Noord-Brabant,18-25,Topverzekering
31742,Jurre Koster,1940-08-22,Overijssel,26-35,Basisverzekering
22022,Arthur Haselaar,1980-03-01,Noord-Holland,26-35,Topverzekering
71806,Lizzy Houdijk,1950-03-01,Noord-Holland,56-65,Aanvullend
63215,Lieve Galijn-van den Nuwenhuijzen,1970-05-17,Gelderland,18-25,Basisverzekering
20520,Sil Vink,1969-07-19,Noord-Brabant,46-55,Basisverzekering
24001,Jet Cadefau,1990-11-14,Gelderland,46-55,Aanvullend
17606,Mohamed Kisman,1963-11-06,Gelderland,26-35,Basisverzekering
80815,Lina Miner,1993-06-23,Gelderland,46-55,Aanvullend
40926,Tara Hermans-Butselaar,1991-07-26,Zuid-Holland,65+,Topverzekering
43762,Alicia van Breukelveen,1993-05-04,Utrecht,65+,Aanvullend
78799,Joëlle Reijers-Brievingh,1934-07-22,Zuid-Holland,46-55,Aanvullend
11113,Jente van de Berg,1951-03-30,Noord-Holland,18-25,Topverzekering
91484,David Sitters-Hehl,1956-01-06,Gelderland,56-65,Topverzekering
63710,Maarten Schagen,2005-02-06,Overijssel,36-45,Topverzekering
82518,Finn Spiker,1986-10-16,Noord-Holland,18-25,Basisverzekering
58725,Marijn Gemen,1989-02-03,Overijssel,26-35,Aanvullend
79110,Catharina van den Nuwenhijsen,1962-04-23,Noord-Holland,18-25,Aanvullend
20018,Yasmine van den Berg-Osterhoudt,1985-03-19,Utrecht,65+,Aanvullend
98746,Faas Groenendaal,1951-09-08,Overijssel,26-35,Aanvullend
93240,Dylano Verharen-Vertoor,2006-09-18,Utrecht,56-65,Basisverzekering
48122,Tygo Maaswinkel,1948-06-29,Gelderland,65+,Basisverzekering
22691,Melle van de Weterink,1969-03-10,Gelderland,26-35,Aanvullend
58888,Sebastiaan Wouters,1940-06-02,Utrecht,65+,Topverzekering
96275,Kyara de Bock,1937-07-12,Gelderland,26-35,Topverzekering
12989,Koen Ridder,1955-08-15,Zuid-Holland,65+,Basisverzekering
18431,Ryan Lemmens,1996-10-06,Utrecht,56-65,Topverzekering
24086,Kyra Steenbakkers-van den Nuwenhuysen,1987-07-01,Utrecht,56-65,Topverzekering
95394,Lisanne Jansse-van der Spaendonck,1985-12-29,Overijssel,36-45,Basisverzekering
42441,Jolie der Kijnder,1999-01-17,Utrecht,26-35,Basisverzekering
25602,Damian Huijbrechts,1980-04-18,Overijssel,65+,Aanvullend
99830,Madelief Aarts,1934-04-29,Overijssel,36-45,Basisverzekering
35710,Lauren van den Henst-van den Nyeuwenhuysen,1938-06-24,Noord-Holland,65+,Topverzekering
70126,Nathan Ketel,2000-06-03,Zuid-Holland,65+,Basisverzekering
17908,Lars Verda,1968-06-17,Zuid-Holland,36-45,Basisverzekering
74642,Lizz Kloppert-van der Heyden,1982-10-05,Noord-Brabant,36-45,Basisverzekering
79685,Annabel Janssens-van Evelingen,1993-10-02,Overijssel,18-25,Aanvullend
67750,Jorn Smeets,1991-01-03,Zuid-Holland,65+,Aanvullend
32075,Jasper Gemen-Arnold,1960-02-26,Noord-Brabant,36-45,Aanvullend
89710,Bo van den Broek,1984-03-24,Noord-Holland,46-55,Topverzekering
25487,Isabelle Cornelisz,1997-08-15,Overijssel,65+,Basisverzekering
80754,Jacob de Strigter,1940-02-17,Utrecht,26-35,Topverzekering
23651,Mohamed Merkx-van Leeuwen,2001-11-11,Gelderland,56-65,Basisverzekering
97275,Zoë Le Grand,1949-03-24,Noord-Holland,46-55,Basisverzekering
89990,Jennifer Schellekens-Tamsma,1984-12-03,Zuid-Holland,36-45,Basisverzekering
97588,Nadine Martel-Lijn,1965-05-30,Utrecht,18-25,Basisverzekering
95707,Kay Lathrope,2005-04-17,Overijssel,65+,Aanvullend
69326,Sten de Roos,1987-05-22,Utrecht,36-45,Topverzekering
99197,Indy van der Linden-van Egisheim,1969-11-03,Gelderland,26-35,Basisverzekering
33999,Lois Martens,1971-09-03,Noord-Holland,56-65,Aanvullend
55668,Liz Aalts-Timmermans,2003-01-08,Overijssel,65+,Basisverzekering
98278,Luke Pasman-Visser,1989-07-01,Gelderland,36-45,Aanvullend
28881,Bo Boers,1968-09-18,Overijssel,36-45,Basisverzekering
75900,Bastiaan Furda-van Tours,1950-07-15,Utrecht,46-55,Aanvullend
57903,Jason van Grondelle,1985-09-13,Zuid-Holland,26-35,Basisverzekering
33307,Tijmen Jerusalem,1959-04-23,Zuid-Holland,46-55,Topverzekering
96342,Esila Slingerland,1950-06-17,Noord-Holland,26-35,Topverzekering
37243,Marijn Verbeek-Peterse,2006-05-17,Utrecht,46-55,Aanvullend
86267,Jinthe Kruns,1984-11-04,Utrecht,56-65,Topverzekering
62758,Suze van Emmelen-Kunen,1960-06-29,Overijssel,56-65,Basisverzekering
60460,Ibrahim Rijn,1967-11-17,Overijssel,56-65,Aanvullend
34922,Amir Bosch,1952-05-21,Noord-Holland,26-35,Topverzekering
21320,Jens van Limburg,1974-11-27,Noord-Holland,26-35,Topverzekering
56730,Maja Heijmans,1982-05-26,Utrecht,56-65,Basisverzekering
69202,Jasper Keijser-Lansink,1935-02-11,Noord-Holland,65+,Basisverzekering
30194,Evie Mijsberg,1973-05-13,Utrecht,65+,Aanvullend
39373,Benthe Mansvelt-Le Marec,1985-03-06,Zuid-Holland,46-55,Basisverzekering
30507,Kevin van Daal,1960-10-06,Zuid-Holland,26-35,Aanvullend
77141,Giel van Breukelveen-Verschuere,1968-09-30,Utrecht,18-25,Basisverzekering
54477,Sam Shupe,1976-11-26,Gelderland,56-65,Aanvullend
49881,Maxim Ariens Ansems-de Gruson,1974-08-25,Gelderland,36-45,Basisverzekering
36200,Fien van Dommelen,1977-04-24,Zuid-Holland,18-25,Basisverzekering
38973,Nadia Vierdag,1974-11-01,Gelderland,65+,Aanvullend
41446,Lana Estey,1946-10-09,Zuid-Holland,18-25,Aanvullend
43253,Carlijn Rackham-Ariens Ansems,2005-09-05,Zuid-Holland,26-35,Basisverzekering
63787,Carlijn van den Velden,1952-09-14,Noord-Brabant,56-65,Aanvullend
77185,Lizzy Zuijdveld,1981-06-23,Utrecht,65+,Basisverzekering
10410,Jari Hak,1975-09-29,Utrecht,46-55,Basisverzekering
11687,Elize Bruijne van der Veen,1951-03-02,Gelderland,56-65,Aanvullend
18568,Lara Hoes,1976-11-08,Noord-Holland,36-45,Topverzekering
29589,Dylano de Lange,1959-11-10,Overijssel,46-55,Topverzekering
16337,Laurens Prinsen,1945-01-30,Noord-Holland,26-35,Topverzekering
62831,Noud Nihoe,2002-02-20,Noord-Holland,65+,Aanvullend
47919,Tijn de Gratie,1944-01-16,Noord-Holland,56-65,Topverzekering
93662,Danique Le Marec,2001-11-25,Gelderland,18-25,Aanvullend
82549,Esila Adelaar,1957-04-13,Zuid-Holland,26-35,Aanvullend
36722,Ize van Laarhoven-Vallenduuk,1968-04-02,Overijssel,46-55,Basisverzekering
63311,Bjorn Timmerman,1986-04-23,Overijssel,56-65,Topverzekering
11375,Norah Velderman,1969-08-08,Utrecht,26-35,Aanvullend
66363,Valentijn Muller-Pieters,1971-02-02,Zuid-Holland,46-55,Topverzekering
92986,Lars Sterkman,1962-12-25,Gelderland,18-25,Topverzekering
27271,Collin van der Sloot,1938-05-24,Overijssel,46-55,Topverzekering
75279,Sebastiaan Jekel-Kuiper,1990-11-02,Noord-Holland,26-35,Basisverzekering
71916,Bo Meeres,1947-10-26,Noord-Holland,46-55,Basisverzekering
46471,Maja Speijer,1949-01-28,Noord-Brabant,36-45,Basisverzekering
93284,Lily Linschoten,1969-02-27,Gelderland,26-35,Basisverzekering
32888,Brian van Nes,1945-11-05,Noord-Holland,46-55,Topverzekering
72593,Nick de Hoogh,1964-11-02,Overijssel,36-45,Aanvullend
13105,Wout van Salmen,1973-12-30,Overijssel,46-55,Aanvullend
66958,Janne Adriaansen,1945-12-11,Utrecht,36-45,Aanvullend
17684,Rowan Tuithof-van Salmen,1988-03-24,Noord-Holland,65+,Topverzekering
44668,Victor van Maasgouw,1936-02-17,Gelderland,65+,Aanvullend
21478,Arie Mater,1988-03-14,Zuid-Holland,56-65,Basisverzekering
26872,Jelle Hofman,1939-12-14,Overijssel,56-65,Basisverzekering
28344,Chris Boeser,1938-01-25,Noord-Brabant,65+,Topverzekering
99217,Lily de Pauw,1934-12-08,Overijssel,18-25,Basisverzekering
70370,Bryan Spiker-Rouwhorst,2002-08-25,Overijssel,18-25,Topverzekering
76696,Aya van der Mast,1938-11-18,Zuid-Holland,56-65,Aanvullend
58558,Maarten van de Ven,1955-04-18,Utrecht,56-65,Aanvullend
54167,Hannah Phillipsen,1939-11-09,Utrecht,36-45,Aanvullend
86475,Elize van Grondelle,1979-07-02,Gelderland,65+,Basisverzekering
30465,Lynn Jansen,1941-10-27,Noord-Brabant,46-55,Basisverzekering
71035,Wessel van Northeim,1993-03-14,Noord-Holland,26-35,Aanvullend
28404,Elise van Buuren,1938-05-14,Noord-Holland,65+,Aanvullend
73935,Guus Koster,1973-12-25,Gelderland,36-45,Aanvullend
75559,Joris Brouwer,1963-01-08,Noord-Brabant,36-45,Topverzekering
42274,Fenna Oosterhek-Kleibrink,1977-08-02,Gelderland,26-35,Basisverzekering
47370,Sofie Perck,1972-05-04,Gelderland,56-65,Aanvullend
53026,Ian Ridder-Broek,1952-06-15,Noord-Holland,26-35,Topverzekering
41681,Vera Bosch,1962-08-18,Overijssel,18-25,Basisverzekering
89929,Lynn Jurrijens,1935-07-02,Utrecht,36-45,Basisverzekering
52295,Tygo van Gils,1996-11-01,Gelderland,56-65,Topverzekering
89077,Dana Scholten-Rotteveel,1990-12-22,Overijssel,26-35,Aanvullend
19612,Naomi van Gemert,2003-07-30,Noord-Brabant,36-45,Basisverzekering
50694,Job de Boer,1983-05-21,Utrecht,56-65,Basisverzekering
13702,Yasmine van Clootwijck-Köster,1969-12-26,Noord-Brabant,65+,Topverzekering
49990,Tijmen Rijks,2003-05-31,Utrecht,18-25,Topverzekering
19701,Adam Hermans,1963-01-20,Noord-Holland,56-65,Basisverzekering
71102,Nynke van de Ven,2004-11-29,Noord-Brabant,65+,Basisverzekering
35593,Ryan Alpaidis,1963-07-23,Gelderland,18-25,Aanvullend
70896,Jill Mathieu,1999-01-31,Overijssel,18-25,Topverzekering
74059,Jinthe Evers,2004-12-20,Overijssel,46-55,Topverzekering
84107,Lizzy van Opper-Lotharingen-van Oosten,2004-11-26,Noord-Brabant,56-65,Topverzekering
85458,Pippa Jansen,1936-03-15,Gelderland,26-35,Topverzekering
79896,Iris Koeman,1945-04-28,Utrecht,18-25,Aanvullend
77184,Aimée Pierson,1991-03-24,Noord-Brabant,26-35,Topverzekering
56045,Max le Gulcher-van de Elzas,1954-07-15,Utrecht,46-55,Topverzekering
61414,Pien Everts,1975-11-01,Utrecht,36-45,Topverzekering
57436,Sven Ponci,1995-06-16,Noord-Holland,56-65,Aanvullend
26280,Maryam Wolters,1965-05-13,Utrecht,65+,Aanvullend
61860,Aaliyah de Boer-Bos,1946-12-29,Noord-Holland,46-55,Basisverzekering
92029,Niek Heribert van Laon-Freshour,1995-06-19,Zuid-Holland,46-55,Basisverzekering
61507,Nina Gerritse,1937-06-06,Utrecht,56-65,Aanvullend
25445,Jamie van Oudewater,1954-06-30,Noord-Holland,18-25,Topverzekering
59937,Damian Postma,1960-07-28,Utrecht,36-45,Aanvullend
40104,Tessa van den Nuwenhuysen-van Noort,1962-09-17,Noord-Holland,36-45,Aanvullend
52949,Lars Ouwerkerk,1970-03-30,Overijssel,65+,Aanvullend
83895,Mason Rippey-van den Broek,2000-06-05,Gelderland,18-25,Basisverzekering
89726,Giel Mosley,1960-08-11,Overijssel,65+,Basisverzekering
15622,Maryam van Mook,1989-01-07,Utrecht,36-45,Basisverzekering
82488,Tijmen de Jong,1953-09-10,Gelderland,26-35,Basisverzekering
36873,Arie Huel,1978-07-14,Zuid-Holland,56-65,Topverzekering
38134,Lotte Klein,1988-10-26,Noord-Holland,26-35,Topverzekering
67641,Simon Kathagen,1948-07-07,Gelderland,26-35,Basisverzekering
22104,Zoey Jones,1945-06-13,Noord-Brabant,56-65,Topverzekering
62861,Ayden Verbruggen-Hondeveld,1953-01-28,Noord-Brabant,18-25,Basisverzekering
92816,Aiden Winnrich-Willemsen,1993-09-19,Noord-Holland,46-55,Aanvullend
52085,Loek Claesdr,1961-08-15,Noord-Brabant,56-65,Basisverzekering
10921,Jake Kronenberg-Schakelaar,1983-11-04,Noord-Brabant,46-55,Basisverzekering
64230,Fabian van der Stael de Jonge,1998-02-24,Gelderland,36-45,Basisverzekering
78884,Merijn Demmendaal,1946-04-23,Noord-Holland,65+,Topverzekering
71220,Jens Genefaas,1949-06-29,Noord-Holland,65+,Topverzekering
69120,Liz Scuylenborchs,1944-12-05,Overijssel,46-55,Basisverzekering
25221,Lizzy Pratt,1967-01-25,Gelderland,46-55,Aanvullend
61743,Dylan de Jong,1993-05-09,Noord-Holland,26-35,Aanvullend
89411,Linn de Mol,1942-02-08,Overijssel,18-25,Aanvullend
23890,Sara Huisman-Groenestein,1967-08-14,Utrecht,26-35,Aanvullend
77538,Lisanne van Mare,1983-10-28,Zuid-Holland,36-45,Topverzekering
12669,Kyano van Parijs,1963-03-25,Zuid-Holland,18-25,Aanvullend
41169,Floris van den Heuvel,1962-09-24,Noord-Brabant,36-45,Aanvullend
50253,Nathan de Bruijn,1980-06-07,Overijssel,18-25,Aanvullend
21363,Ivan d' Heripon,1989-12-15,Overijssel,18-25,Topverzekering
12736,Myrthe Ghoerle,1981-12-31,Gelderland,26-35,Basisverzekering
47914,Amin van den Nuwenhuijzen-Goedhart,1955-02-12,Utrecht,56-65,Topverzekering
53298,Giel van de Pol,1941-02-12,Gelderland,36-45,Basisverzekering
18724,Lois Freshour,1940-03-04,Gelderland,36-45,Basisverzekering
52839,Jasmijn Roukes-Vermeulen,1942-01-06,Noord-Holland,18-25,Topverzekering
63718,Kevin Willems,1968-05-16,Utrecht,36-45,Aanvullend
53980,Mike Furda,1980-02-24,Noord-Brabant,56-65,Aanvullend
88983,Bas van Este-Welf,1963-06-10,Noord-Holland,46-55,Topverzekering
38393,Loes van der Meulen,1935-09-25,Utrecht,46-55,Basisverzekering
32860,Jari Claesdr-Lankle,1974-08-21,Zuid-Holland,18-25,Basisverzekering
29004,Daniel Smeets,1973-11-01,Gelderland,46-55,Topverzekering
49208,Chloé van Riet,1982-09-24,Utrecht,56-65,Topverzekering
66968,Aimée Tuithof,2002-03-16,Zuid-Holland,56-65,Topverzekering
28423,Lily Texier,1981-08-24,Utrecht,65+,Basisverzekering
76817,Thomas van Praagh,1934-08-05,Noord-Brabant,65+,Aanvullend
22211,David Wigman,2000-08-25,Noord-Holland,65+,Aanvullend
72568,Pepijn Gerrits-Meijer,1970-11-04,Noord-Brabant,26-35,Aanvullend
19739,Aron Mol,1960-08-20,Noord-Brabant,65+,Aanvullend
83318,Mees Ansems,1976-01-14,Overijssel,36-45,Topverzekering
18215,Linn Woudenberg-Hondeveld,1952-12-11,Zuid-Holland,26-35,Basisverzekering
46756,Thom Scheer,1956-04-08,Overijssel,26-35,Topverzekering
93892,Sophia van den Brand,1946-07-17,Noord-Brabant,65+,Aanvullend
20047,Xavi Engels,1993-12-17,Zuid-Holland,18-25,Aanvullend
29167,Fleur Thomas,1999-08-09,Gelderland,26-35,Topverzekering
72216,Zakaria Huijs,2005-03-29,Noord-Holland,65+,Basisverzekering
73246,Jules The Elder,1995-04-13,Utrecht,36-45,Aanvullend
27853,Pippa van Leeuwen,1982-05-22,Zuid-Holland,18-25,Aanvullend
24682,Dex Wijland,2005-02-16,Zuid-Holland,36-45,Basisverzekering
24792,Puck Boeser,1946-08-23,Noord-Holland,46-55,Topverzekering
63325,Jayda Kerkhof,1958-04-26,Zuid-Holland,46-55,Basisverzekering
64178,Linn Jansse-Beernink,1987-12-10,Gelderland,46-55,Aanvullend
31338,Tim Recers,1935-10-20,Noord-Brabant,46-55,Aanvullend
81503,Cornelis van der Spaendonc-van der Meulen,1973-10-27,Overijssel,36-45,Basisverzekering
25053,Lara Hemma van Allemanië-Prins,1996-08-10,Noord-Brabant,65+,Aanvullend
59493,Saar Mol,1965-05-11,Utrecht,18-25,Basisverzekering
95585,Nadia de Grunt,1968-03-07,Noord-Holland,36-45,Basisverzekering
47214,Loek Stettyn,1938-10-17,Gelderland,36-45,Basisverzekering
55398,Mette Miltenburg-van der Mast,1940-01-30,Overijssel,18-25,Aanvullend
51079,Imran Koster,1938-08-29,Utrecht,18-25,Topverzekering
17125,Karlijn de Haan,1999-10-20,Overijssel,46-55,Aanvullend
51842,Jan Lemmens,1994-11-06,Noord-Brabant,65+,Basisverzekering
63997,Merle die Pelser,1982-10-21,Utrecht,18-25,Basisverzekering
58330,Dex Perkins,1953-11-27,Noord-Holland,56-65,Basisverzekering
49301,Michelle Ouwel,1966-11-21,Noord-Brabant,65+,Aanvullend
27824,Naud Hekker-Werdes,1961-08-20,Noord-Holland,46-55,Aanvullend
54484,Adriana Kamp-Zevenboom,1937-02-23,Utrecht,18-25,Aanvullend
86339,Michael Ellis,1952-08-05,Noord-Holland,18-25,Topverzekering
68069,Bente Oosterhout,1969-06-26,Overijssel,36-45,Topverzekering
83420,Brent de Keijzer-van de Darnau,1938-02-24,Gelderland,56-65,Topverzekering
68242,Mirte van Rheineck,1988-02-18,Noord-Holland,18-25,Basisverzekering
98866,Casper van Oostendorp,1990-09-19,Utrecht,56-65,Basisverzekering
87048,Nout Jochems,1990-03-05,Gelderland,65+,Aanvullend
48914,Josephine Roosenboom,1990-04-07,Noord-Holland,65+,Aanvullend
32415,Lucy van der Linden,1957-05-18,Utrecht,46-55,Basisverzekering
62001,Elias Voortman,2005-10-20,Noord-Brabant,46-55,Topverzekering
97215,Joey Claesdr,1997-12-31,Gelderland,65+,Basisverzekering
78284,Danique van Bovene-Helmerhorst,1970-07-22,Noord-Brabant,46-55,Basisverzekering
88249,Daniel Heijmans,1935-11-21,Overijssel,18-25,Topverzekering
60111,Louise Adriaensdr,1998-08-28,Overijssel,26-35,Topverzekering
49786,Victor Corstiaens-de Jong,1956-07-23,Noord-Brabant,46-55,Aanvullend
64695,Linde van Munster,1986-03-11,Zuid-Holland,56-65,Basisverzekering
13158,Wout Heerkens-Driessen,1953-09-23,Noord-Brabant,36-45,Basisverzekering
65311,Bibi van der Kaay,1966-03-18,Noord-Holland,65+,Topverzekering
97864,Leon Ellis,1977-10-30,Zuid-Holland,46-55,Aanvullend
56913,Ninthe Hendriks,1935-06-21,Gelderland,56-65,Basisverzekering
99297,Mila van Munster,1978-07-31,Noord-Brabant,18-25,Basisverzekering
29559,Liv van der Zijl,1937-08-08,Overijssel,46-55,Basisverzekering
26695,Sam Wouters van Eijndhoven,1946-01-17,Overijssel,36-45,Aanvullend
75098,Eliza Veenstra,1948-04-03,Zuid-Holland,46-55,Aanvullend
41007,Joep Groenendaal-le Floch,1962-12-22,Zuid-Holland,65+,Topverzekering
23192,Bo Meeres,1956-10-07,Noord-Brabant,36-45,Aanvullend
49842,Ecrin Zaal,1979-04-08,Gelderland,56-65,Basisverzekering
31978,Fleur van Noordeloos-Broeders,1970-11-03,Utrecht,56-65,Aanvullend
27029,Noortje Sanders,1992-09-13,Gelderland,26-35,Basisverzekering
21002,Marijn Bertho,1974-10-12,Overijssel,36-45,Topverzekering
61162,Cornelia van den Assem,1992-04-19,Utrecht,26-35,Basisverzekering
26387,Lindsey Huijzing,1997-04-22,Gelderland,46-55,Basisverzekering
73344,Noor van Jumiège,1965-12-09,Noord-Holland,18-25,Aanvullend
84311,Jenna Ruijs,1947-01-22,Noord-Holland,65+,Basisverzekering
39183,"Vajèn West-Francië, van",1986-01-29,Overijssel,46-55,Basisverzekering
12066,Maya Scharroo,1963-01-15,Noord-Brabant,18-25,Aanvullend
95094,Sophie van Daal,2003-06-27,Zuid-Holland,18-25,Topverzekering
92167,Livia Lage,1962-04-21,Gelderland,18-25,Aanvullend
46651,Jelte David-Brandt,1934-09-09,Noord-Brabant,26-35,Topverzekering
56285,Tygo Pieters van der Maes,1948-02-14,Gelderland,46-55,Basisverzekering
25236,Amir van Lucel,1959-05-28,Noord-Brabant,26-35,Topverzekering
35143,Loes van der Heyden,2003-01-23,Utrecht,56-65,Basisverzekering
40035,Tijn Wooning,1950-02-13,Overijssel,26-35,Basisverzekering
97961,Zoey Huijzing-van der Mast,1995-03-13,Overijssel,65+,Aanvullend
60746,Brian Evers,1959-04-12,Gelderland,26-35,Aanvullend
65761,Isa Blonk,1988-01-06,Noord-Brabant,65+,Aanvullend
42751,Mathijs Haack-Glasses,1960-05-12,Utrecht,46-55,Basisverzekering
74173,Sepp van Dagsburg,1975-03-02,Noord-Holland,26-35,Topverzekering
45690,Mike Lommert-van Bernicia,1978-11-07,Gelderland,65+,Topverzekering
54800,Zakaria Verschuere,1985-02-02,Overijssel,46-55,Basisverzekering
18331,Beau de Ruiter,1988-06-27,Overijssel,46-55,Topverzekering
26273,Helena Kok,1960-06-22,Noord-Brabant,46-55,Topverzekering
21797,Finn Roukes,1977-08-27,Overijssel,26-35,Topverzekering
91978,Ian Jurrijens-Visser,1961-03-04,Overijssel,26-35,Topverzekering
40033,Selena van Grondelle,2006-10-10,Zuid-Holland,18-25,Aanvullend
31963,Esmee Roessink,1970-02-22,Utrecht,26-35,Aanvullend
21064,Yusuf Brandt,1990-07-05,Utrecht,56-65,Topverzekering
70124,Megan Walter,1987-08-16,Noord-Holland,56-65,Basisverzekering
34976,Kate Jaceps,2005-03-21,Gelderland,56-65,Aanvullend
91971,Chris Hoeks-Klein,1989-04-19,Zuid-Holland,56-65,Topverzekering
32168,Maaike Houdijk,1986-12-23,Gelderland,65+,Basisverzekering
92794,Elena Brisee,1935-06-25,Noord-Holland,56-65,Aanvullend
15322,Chloë Hoogers-Boddaugh,1996-09-13,Noord-Holland,36-45,Basisverzekering
92990,Fleur Wolters,1937-10-06,Noord-Brabant,26-35,Basisverzekering
32713,Sjoerd Fredriks,1944-05-29,Noord-Brabant,65+,Topverzekering
93588,Jill Huurdeman,2000-10-16,Overijssel,56-65,Topverzekering
34951,Azra Kirpenstein,1982-09-07,Noord-Holland,65+,Topverzekering
19297,Kim Elbertse,1988-04-15,Zuid-Holland,56-65,Topverzekering
62947,Anne Gnodde-van de Weterink,1944-03-27,Noord-Holland,26-35,Aanvullend
22882,Lize Wagenvoort-Blokland,1960-05-31,Overijssel,18-25,Basisverzekering
91258,Senna de Gruson,2002-12-06,Noord-Holland,56-65,Basisverzekering
99953,Fay Schatteleijn,1992-02-20,Zuid-Holland,26-35,Basisverzekering
58858,Yassin Hofman,2000-01-09,Noord-Holland,56-65,Aanvullend
17451,Kyra van Bruchem,1942-08-28,Overijssel,56-65,Topverzekering
24533,Sem Klomp Jan,1935-11-07,Overijssel,46-55,Aanvullend
64967,Angelina Smits,1982-02-02,Zuid-Holland,36-45,Basisverzekering
42755,Lola Jochems,1977-02-19,Gelderland,46-55,Aanvullend
53864,Benjamin van der Velden,1955-07-16,Overijssel,65+,Aanvullend
38340,Stefan van Oosten,1941-08-26,Utrecht,46-55,Basisverzekering
16533,Mirte van Nimwegen,1963-12-08,Noord-Brabant,36-45,Topverzekering
62293,Oscar Verda,1967-04-12,Overijssel,46-55,Topverzekering
25166,Melissa van den Velden,1962-06-12,Utrecht,56-65,Topverzekering
85653,Nikki van der Smeede,1944-10-18,Overijssel,18-25,Basisverzekering
72582,Yassin Schilt-Kamper,1957-01-05,Noord-Brabant,36-45,Basisverzekering
78632,Isa Moenen,1999-02-08,Gelderland,36-45,Topverzekering
52846,Lucy Bezemer-Reimes,1970-08-30,Noord-Holland,65+,Topverzekering
74242,Alexander Spaan-Hellevoort,1940-04-15,Noord-Holland,36-45,Topverzekering
22041,Rosalie van der Plas-van Bovenen,1997-02-06,Noord-Brabant,65+,Topverzekering
57540,Nisa Kleijse,1944-07-31,Noord-Brabant,18-25,Aanvullend
25629,Eva Hermans,1989-10-26,Noord-Brabant,56-65,Aanvullend
15213,Victoria Smith,1991-11-12,Noord-Brabant,36-45,Basisverzekering
83298,Matthijs Brandon-van de Ven,1935-12-06,Noord-Holland,36-45,Basisverzekering
94168,Zoë Ketting,1943-08-12,Zuid-Holland,46-55,Aanvullend
42957,Stijn Lankle-Pratt,1953-10-01,Zuid-Holland,26-35,Basisverzekering
70754,Stef van der Laar,1988-11-24,Overijssel,56-65,Aanvullend
15042,Jim den Teuling-van Goerle,2002-04-19,Utrecht,56-65,Topverzekering
73248,Jari Rijntjes,1962-07-08,Utrecht,26-35,Aanvullend
58877,Yara Walsteijn,2002-08-12,Gelderland,56-65,Basisverzekering
31034,Lucas Schakelaar,1966-04-11,Noord-Holland,36-45,Basisverzekering
17312,Demi Post,1955-03-04,Noord-Brabant,65+,Aanvullend
14429,Giovanni van de Darnau-Terry,1941-01-04,Utrecht,18-25,Topverzekering
27465,Daphne Elbertse,1989-03-01,Zuid-Holland,46-55,Basisverzekering
10641,Yfke de Hoogh,1991-02-08,Noord-Brabant,36-45,Topverzekering
95572,Benjamin van Schweinfurt,1950-08-08,Overijssel,18-25,Basisverzekering
32489,Benthe de Bruin-Dijkman,1938-02-22,Gelderland,18-25,Topverzekering
48670,Milou Vandenbergh,1996-01-12,Noord-Brabant,65+,Basisverzekering
62951,Hendrik Horrocks-Hak,1958-10-13,Zuid-Holland,46-55,Topverzekering
21465,Demi Luboch,1945-01-31,Noord-Brabant,46-55,Aanvullend
45030,Guus Konings,1974-02-08,Gelderland,46-55,Topverzekering
42874,Hannah Kas-van Hagen,1977-03-07,Zuid-Holland,26-35,Topverzekering
71964,Senn Verhoeven,1971-01-28,Zuid-Holland,26-35,Topverzekering
37384,Alex Goyaerts van Waderle,1975-07-11,Gelderland,26-35,Basisverzekering
39181,Maxim Zevenboom-Broeckx,1955-01-31,Overijssel,46-55,Aanvullend
62898,Stijn van Cuijck,1993-01-19,Utrecht,56-65,Topverzekering
15673,Fien Roosenboom,1934-03-06,Overijssel,56-65,Topverzekering
42594,Jason Backer-Bouthoorn,1935-08-31,Overijssel,18-25,Basisverzekering
35086,Janne van Nus,1972-08-21,Overijssel,46-55,Topverzekering
32871,Faas Haring,1992-04-02,Noord-Brabant,46-55,Topverzekering
87525,Sam Dries-Molenaar,1988-02-12,Gelderland,36-45,Aanvullend
56435,Isabel Molenaar,1974-06-19,Overijssel,36-45,Basisverzekering
94356,Julian de Swart,1974-04-16,Noord-Holland,46-55,Topverzekering
56261,Elif Stuivenberg-Lutterveld,1949-01-23,Noord-Holland,26-35,Aanvullend
84867,Puck Lemmens,2004-10-18,Gelderland,26-35,Aanvullend
38871,Jaylinn Janssens,1975-10-11,Overijssel,65+,Basisverzekering
70768,Julian van Ginneke,1939-07-10,Utrecht,36-45,Aanvullend
99576,Dina Rippey,1992-08-09,Zuid-Holland,46-55,Basisverzekering
66926,Jayden van Susa-Prinsen,1934-07-18,Overijssel,65+,Topverzekering
98968,Fem Frerichs,1970-09-25,Utrecht,56-65,Basisverzekering
80512,Giovanni van Enschot,1960-03-23,Utrecht,65+,Basisverzekering
22049,Julius Sanders,2001-09-24,Gelderland,56-65,Aanvullend
75757,Lara Scharroo,1988-10-11,Overijssel,36-45,Topverzekering
47088,Jort Koning,1961-09-04,Noord-Brabant,26-35,Topverzekering
35127,Mara Verhoeven,1982-09-22,Utrecht,26-35,Topverzekering
13487,Tygo Schipper,1954-03-03,Gelderland,65+,Basisverzekering
71626,Maxim de Bont,1960-09-18,Zuid-Holland,56-65,Basisverzekering
65600,Timo 's Gravensande-Lagerweij,1966-10-02,Gelderland,36-45,Topverzekering
38519,Max Frankhuizen,1967-08-09,Overijssel,36-45,Basisverzekering
46659,Loek van Verdun-van Clootwijck,1989-09-13,Gelderland,26-35,Basisverzekering
29755,Vera de Mol,1979-09-24,Noord-Brabant,46-55,Basisverzekering
24563,Ali Voortman,2003-12-17,Utrecht,56-65,Basisverzekering
35775,Thom Oennen,1977-05-26,Gelderland,56-65,Aanvullend
92629,Fenna Weeldenburg,1998-04-16,Gelderland,56-65,Basisverzekering
35263,Mustafa Janssen-Robbrechts Bruijne,1961-12-04,Utrecht,18-25,Topverzekering
97269,Esila Lamotte,1961-05-11,Overijssel,36-45,Topverzekering
79729,James van der Laan,1937-10-30,Gelderland,56-65,Basisverzekering
58224,Maud Room,2007-02-05,Gelderland,36-45,Basisverzekering
11898,Annabel Moenen,2003-07-31,Noord-Holland,18-25,Topverzekering
91325,Giel Pierson-van Wassenaar,1983-02-26,Overijssel,56-65,Topverzekering
88562,Laura Pasman,1937-11-10,Gelderland,18-25,Topverzekering
44257,Helena van Susa,1971-05-05,Noord-Holland,65+,Basisverzekering
92870,Leon Verkade,1965-06-03,Noord-Holland,18-25,Aanvullend
96798,Sem Suijker,1952-12-05,Noord-Brabant,56-65,Topverzekering
70050,Samuel Lieshout-van Klaarwater,1985-05-23,Zuid-Holland,65+,Topverzekering
31845,Sebastiaan van Gelder,1970-04-05,Noord-Brabant,18-25,Aanvullend
68955,Muhammed Köster-van Rossum,1999-07-10,Noord-Brabant,36-45,Basisverzekering
74102,Thijmen Dachgelder,2004-08-24,Gelderland,46-55,Topverzekering
52976,Stef Zuijdveld,1966-11-28,Overijssel,56-65,Basisverzekering
29018,Lars van 't Riet,1945-09-07,Overijssel,46-55,Topverzekering
72417,Dani Room,1956-07-28,Utrecht,18-25,Aanvullend
97610,Amir Zijlmans-Weijland,1990-10-27,Zuid-Holland,18-25,Topverzekering
61020,Liz Moet,1957-03-02,Zuid-Holland,26-35,Topverzekering
20902,Koen Rubben,1976-09-11,Gelderland,36-45,Basisverzekering
63350,Lizz Bronder,1936-09-21,Utrecht,36-45,Topverzekering
32113,Levi van Dooren,1968-09-07,Noord-Holland,26-35,Aanvullend
17234,Stef Martel-Wouters van Eijndhoven,1958-04-27,Utrecht,65+,Topverzekering
27678,Tara van Bergen,1960-02-07,Utrecht,18-25,Aanvullend
69299,Tristan van der Pol,1961-11-30,Noord-Holland,56-65,Aanvullend
27086,Mare Ligtvoet,1967-10-07,Noord-Brabant,65+,Topverzekering
86049,Zara Stichter-Gellemeyer,1992-07-31,Gelderland,26-35,Topverzekering
39884,Aimée Uphuis,1954-05-23,Zuid-Holland,46-55,Aanvullend
62420,Melle van Rooij-Scheer,1956-06-14,Noord-Brabant,26-35,Basisverzekering
67942,Tobias Engels,1981-02-21,Zuid-Holland,18-25,Basisverzekering
97679,Quinty Willems,1997-06-08,Gelderland,65+,Basisverzekering
87704,Hannah van Rijnsbergen,2003-05-25,Gelderland,26-35,Topverzekering
76566,Joy Kwaadland,1988-12-02,Noord-Holland,26-35,Aanvullend
42749,Bibi Stichter,1972-04-15,Gelderland,26-35,Basisverzekering
95626,Youssef van Dagsburg,1934-09-27,Utrecht,56-65,Topverzekering
94111,Daphne Giselmeyer,1987-01-13,Noord-Holland,18-25,Basisverzekering
11410,Lois Bastiaense,2001-05-16,Overijssel,36-45,Aanvullend
33175,"Maarten West-Francië, van",1968-12-17,Zuid-Holland,36-45,Topverzekering
94387,Aiden Wipstrik,1975-08-24,Utrecht,18-25,Aanvullend
30261,Maaike Schotte-van de Biezenbos,1955-05-29,Zuid-Holland,26-35,Topverzekering
87647,Lauren Joosten,1987-07-13,Noord-Holland,26-35,Basisverzekering
84461,Floor van der Velde,1976-12-06,Overijssel,65+,Basisverzekering
23598,Sven van Orleans,1949-12-15,Overijssel,26-35,Aanvullend
78893,Jill Mosley,1945-03-26,Zuid-Holland,56-65,Aanvullend
28077,Fay Janssen,1944-04-10,Zuid-Holland,65+,Aanvullend
87796,Amina Oda,1970-05-07,Zuid-Holland,65+,Basisverzekering
64952,Dave Cornelisse-Keltenie,1996-02-17,Noord-Holland,18-25,Basisverzekering
30749,Olivier Jonkman,1978-08-01,Zuid-Holland,46-55,Aanvullend
96222,Esmee Aarden,1978-07-29,Gelderland,26-35,Basisverzekering
68639,David Mol,1936-07-20,Overijssel,36-45,Topverzekering
